region,time_s,like_mean_hz,like_std_hz,dislike_mean_hz,dislike_std_hz,diff_mean_hz,p_raw,p_fdr
overall,-0.495,1.0519906780041355,2.4805313628785215,0.7804186747746982,2.3146816812731354,0.2715720032294372,0.1686492154900282,0.5113287751159371
overall,-0.485,1.0337368566796585,2.309046220146035,0.7892320059752207,2.220414391730671,0.24450485070443762,0.20056039227774225,0.5169082275199542
overall,-0.475,1.0166848846310508,2.1574711909328665,0.7978260757239385,2.13297318860408,0.21885880890711265,0.24148582212872927,0.5466244591689514
overall,-0.46499999999999997,1.001418447931869,2.0331435562227083,0.8056701333529244,2.0548656078454686,0.1957483145789446,0.23666803927305224,0.5466244591689514
overall,-0.45499999999999996,0.9882989589443193,1.9393191709066782,0.8123498761794412,1.9869254282984696,0.17594908276487814,0.22262785063024515,0.5456564966427577
overall,-0.44499999999999995,0.977465885804292,1.8746646642936362,0.8176896847506767,1.9285616909361578,0.15977620105361562,0.19220124035838215,0.5113287751159371
overall,-0.43499999999999994,0.9688667599591663,1.8345050559762985,0.8217915654923246,1.878411773576364,0.1470751944668414,0.16494847554896852,0.5113287751159371
overall,-0.42499999999999993,0.9623774040356186,1.8128084076913684,0.824997411855554,1.834994505696106,0.1373799921800648,0.16865309624774982,0.5113287751159371
overall,-0.4149999999999999,0.957847313835534,1.8041485183197083,0.8278959869057206,1.7975715092628128,0.12995132692981332,0.24149011109467156,0.5466244591689514
overall,-0.4049999999999999,0.9550956799407502,1.8045585866341318,0.8311433285435911,1.7662803052437703,0.12395235139715932,0.32803913703375254,0.6166149192363769
overall,-0.3949999999999999,0.9539150917082868,1.811706329326098,0.8353319730509408,1.7420734443106742,0.11858311865734605,0.4613826078740544,0.681762206108045
overall,-0.3849999999999999,0.9540189710787048,1.8242064543468406,0.8408484510625899,1.7263050130644906,0.11317052001611505,0.5785883972321413,0.7184104444020001
overall,-0.3749999999999999,0.9549189932422876,1.8407954457296642,0.8477791714862034,1.7199814478466464,0.10713982175608422,0.6463401815929486,0.7600511796507999
overall,-0.3649999999999999,0.9559708175991322,1.8598325530662283,0.8558783299633866,1.7232589152305235,0.10009248763574574,0.6205485568372839,0.7494547787889903
overall,-0.35499999999999987,0.9563593148668603,1.8791727337850104,0.8645724824542983,1.7350050513180286,0.0917868324125621,0.4185025995678855,0.6552268367296054
overall,-0.34499999999999986,0.9552096458260199,1.8965267814233109,0.8730947471744398,1.752988899291955,0.08211489865158046,0.4047478907956811,0.6552268367296054
overall,-0.33499999999999985,0.9517581273055399,1.9101271417634322,0.8806273690036844,1.7741980220854352,0.07113075830185524,0.6463431845349163,0.7600511796507999
overall,-0.32499999999999984,0.9454928404467726,1.9192699019425996,0.8864307968146935,1.7953021252456054,0.059062043632079037,0.7998246844187258,0.873171052858871
overall,-0.31499999999999984,0.9362677924418767,1.9243345313909412,0.8899933911014584,1.8132479840921445,0.04627440134041832,0.8943321962358806,0.9251519764430823
overall,-0.3049999999999998,0.9243560352038646,1.926706672798624,0.8910959878087132,1.825671449205882,0.03326004739515153,0.7081636315280622,0.8121142563395208
overall,-0.2949999999999998,0.9104353184592908,1.92805070897134,0.8898149299195509,1.8311211055906482,0.020620388539739715,0.6240291119475183,0.7500349903215364
overall,-0.2849999999999998,0.8954705545598585,1.9296566567862183,0.8864789230298279,1.8293513275505522,0.008991631530030382,0.413977873804515,0.6552268367296054
overall,-0.2749999999999998,0.8805550816561251,1.931973468813117,0.8815733730597186,1.8212403435750304,-0.001018291403593114,0.27184629391538717,0.5525331177142015
overall,-0.2649999999999998,0.8667416405498078,1.9343821269891275,0.8756186582023405,1.8085193778152033,-0.008877017652532312,0.2614499912220407,0.5516166959535599
overall,-0.2549999999999998,0.8549373310434403,1.9355625503807485,0.8691467920052287,1.7936258495626975,-0.014209460961788338,0.2614499912220407,0.5516166959535599
overall,-0.24499999999999977,0.8457156669062144,1.9336669964833935,0.8625823758677569,1.7790358167824702,-0.016866708961542624,0.19635024964451986,0.5113287751159371
overall,-0.23499999999999976,0.839367623694059,1.9270242238935895,0.8563159026253935,1.767141128729181,-0.01694827893133436,0.16707770653524845,0.5113287751159371
overall,-0.22499999999999976,0.8358811287343549,1.9144893678896375,0.8506754061090537,1.759834437317768,-0.01479427737469869,0.17489323701477144,0.5113287751159371
overall,-0.21499999999999975,0.8349629748797486,1.895727383238214,0.846023563554649,1.7586987942964767,-0.011060588674900219,0.2614499912220407,0.5516166959535599
overall,-0.20499999999999974,0.8361384655582427,1.8715654114573586,0.8427049861544533,1.764782007206925,-0.0065665205962104,0.37156459283852283,0.6450774181224355
overall,-0.19499999999999973,0.8387782084191021,1.8437096122586307,0.8411061234067466,1.7788933739138257,-0.0023279149876446145,0.4687565269471903,0.681762206108045
overall,-0.18499999999999972,0.8422392596120178,1.8145778269623754,0.8415681534924769,1.8013763614083285,0.0006711061195409736,0.5833492808544241,0.7184104444020001
overall,-0.1749999999999997,0.8458321926101573,1.7867973225763936,0.8442874313244517,1.831864331578157,0.0015447612857055278,0.5285700202644047,0.7023053297682624
overall,-0.1649999999999997,0.8489841116020014,1.7628374409892917,0.849226635424135,1.8689163305310943,-0.00024252382213366423,0.5610291561172993,0.7048104976347981
overall,-0.1549999999999997,0.8511932679058467,1.7447416199744823,0.8560696626469544,1.910048852027091,-0.004876394741107476,0.6638740374666934,0.7719465551938295
overall,-0.14499999999999968,0.852159792348935,1.7342014446267648,0.8641945479589612,1.9517087419073555,-0.012034755610026097,0.6314258314064018,0.7552940567062223
overall,-0.13499999999999968,0.8517364539035014,1.7323250728701793,0.8726775066400034,1.9896948132100194,-0.020941052736502295,0.7472247291981968,0.8302496991091075
overall,-0.12499999999999967,0.8500171679549604,1.739788043622635,0.880449120497414,2.0196788107449346,-0.0304319525424536,0.7225316857879955,0.821058733849995
overall,-0.11499999999999966,0.8473208301023434,1.7563888367771692,0.8863880931234469,2.03775098903353,-0.03906726302110375,0.6953982225314291,0.8011500259578677
overall,-0.10499999999999965,0.8441748723062498,1.78094470830228,0.8894943546177989,2.0411032918990033,-0.04531948231154909,0.7389652795651248,0.824892911417994
overall,-0.09499999999999964,0.8412049360532661,1.811152159849297,0.8890672827918364,2.0285007516579747,-0.04786234673857021,0.7908095023346583,0.8671156823844938
overall,-0.08499999999999963,0.8391122855409853,1.84403505973245,0.88477860891167,2.000441782379107,-0.0456663233706848,0.9235648984300999,0.9462755106865778
overall,-0.07499999999999962,0.8384698380824881,1.8762414062958372,0.8767567380408918,1.9591636103440955,-0.03828689995840359,0.9594896858898051,0.9750911441969564
overall,-0.06499999999999961,0.8396449680679262,1.904783044874933,0.8655850904880406,1.9083296680403172,-0.02594012242011429,0.842737379673185,0.9003604483687874
overall,-0.054999999999999605,0.8426573953570526,1.9273139728744513,0.8522335396009794,1.8525913448723408,-0.009576144243926405,0.8312907893356444,0.891942907012494
overall,-0.044999999999999596,0.847059074664009,1.942002804688993,0.8379205671713649,1.7968348199602322,0.009138507492643751,0.8312907893356444,0.891942907012494
overall,-0.03499999999999959,0.8519676574218082,1.9476360429302069,0.8238904698413291,1.745378933836249,0.028077187580479432,0.7307320987779786,0.8228965076328588
overall,-0.024999999999999578,0.8561442813465926,1.9431292471984187,0.811270231865423,1.7015995098314134,0.04487404948116999,0.5748967903589721,0.7184104444020001
overall,-0.01499999999999957,0.8581126610754016,1.9277234031088535,0.8009554993146478,1.6677601178416883,0.057157161760753986,0.5605540656612599,0.7048104976347981
overall,-0.00499999999999956,0.8565081522282463,1.90121360206309,0.7933988760029558,1.6448566596594023,0.06310927622529035,0.5393704932620256,0.7023053297682624
overall,0.0050000000000004485,0.8502899049475134,1.8642201356432557,0.788713073296648,1.6330591928081828,0.06157683165086539,0.5605540656612599,0.7048104976347981
overall,0.015000000000000457,0.8390152169304217,1.818516465940741,0.7866733314261082,1.631805803213609,0.05234188550431338,0.7670006470944885,0.8484520432461156
overall,0.025000000000000466,0.8229511515811363,1.767141416306352,0.7868234435998916,1.6401874582667695,0.036127707981244664,0.9746740537725783,0.978588407402187
overall,0.035000000000000475,0.8031653171334912,1.714034800144777,0.788602289399991,1.6569712110251933,0.014563027733499993,0.8077035607168179,0.877938652953063
overall,0.045000000000000484,0.7813021488684037,1.6634679666114005,0.7914207502990045,1.6806872372372803,-0.010118601430600904,0.4398197764006472,0.6745702092034466
overall,0.05500000000000049,0.7593911570395682,1.6192917790355268,0.7947767298273208,1.7096949254635858,-0.03538557278775269,0.26798843001281203,0.5525331177142015
overall,0.0650000000000005,0.7395147470712115,1.5842889943958893,0.7982294598054899,1.7420135149290026,-0.05871471273427834,0.18418462892409715,0.5113287751159371
overall,0.07500000000000051,0.723449982966937,1.5598734075828433,0.8014154130872987,1.7754660209976096,-0.07796543012036167,0.1682958369415981,0.5113287751159371
overall,0.08500000000000052,0.7124334119949666,1.5459511765557743,0.8040726092441468,1.8077121361598791,-0.09163919724918018,0.14231459792438458,0.5113287751159371
overall,0.09500000000000053,0.7070480009496402,1.5413609364312306,0.8060298463503297,1.8363926915081188,-0.09898184540068962,0.16524437929419067,0.5113287751159371
overall,0.10500000000000054,0.7071541797548798,1.543881594901937,0.8072006792268824,1.8594330843827893,-0.10004649947200255,0.1713894004687968,0.5113287751159371
overall,0.11500000000000055,0.7120257115450823,1.5507360975348765,0.8076506114843249,1.8754761021101995,-0.09562489993924292,0.2566854001233341,0.5516166959535599
overall,0.12500000000000056,0.7204583314537204,1.5587641534708796,0.8075889390967167,1.884059972291933,-0.08713060764299639,0.3667452279809501,0.641162985980682
overall,0.13500000000000056,0.7310860415469401,1.5650170864167396,0.8073341953966175,1.8857015173774565,-0.07624815384967715,0.4146705674113692,0.6552268367296054
overall,0.14500000000000057,0.7425394988024938,1.5672327483333375,0.8072834972995314,1.8818762697941298,-0.06474399849703781,0.5592045958598981,0.7048104976347981
overall,0.15500000000000058,0.7536398857790486,1.564108703976263,0.8078362769521791,1.8745052829213282,-0.054196391173130375,0.7391040486305227,0.824892911417994
overall,0.1650000000000006,0.7635801148640925,1.5557889597157522,0.8093201140844555,1.8656765578945893,-0.045739999220363065,0.9422832398983074,0.9615135101003137
overall,0.1750000000000006,0.7719330279502132,1.543534826417604,0.8118436995335583,1.8569126558769729,-0.039910671583345436,0.8582630586832802,0.9053407792017724
overall,0.1850000000000006,0.7786773110478382,1.5295745452292737,0.8153705162779096,1.8492053451718407,-0.03669320523007119,0.5527284110902966,0.7048104976347981
overall,0.19500000000000062,0.7841154804326939,1.5164395672940676,0.8196051149700236,1.8425060660577959,-0.035489634537329874,0.24248135167977392,0.5466244591689514
overall,0.20500000000000063,0.7887700639734867,1.5062973521344294,0.8241376133536082,1.8363235511471012,-0.03536754938012191,0.24651332757283828,0.5470862025327194
overall,0.21500000000000064,0.7931984930260565,1.500439527592803,0.828441901226494,1.8296493438326387,-0.035243408200437476,0.2804622721382234,0.5654481293109342
overall,0.22500000000000064,0.7978370760975706,1.4989783505016954,0.832017357452935,1.821640202515863,-0.03418028135536413,0.3370985340690438,0.6279327530391643
overall,0.23500000000000065,0.8029827767370469,1.5010724971549103,0.8344972188053182,1.811959508755463,-0.0315144420682716,0.4526401715066629,0.681762206108045
overall,0.24500000000000066,0.8085964742212215,1.5052649107587992,0.8356788730043628,1.800895778761966,-0.027082398783141188,0.5082922380382879,0.7008049337719041
overall,0.25500000000000067,0.8144266283066339,1.5100634424906374,0.8355643915400657,1.7892387112159365,-0.021137763233431854,0.5606227671812862,0.7048104976347981
overall,0.2650000000000007,0.8199514216543896,1.5143705281467141,0.8343464671334377,1.7781558919686105,-0.01439504547904815,0.5315423271888657,0.7023053297682624
overall,0.2750000000000007,0.8245952545169357,1.51790699801361,0.8324063524275129,1.768680718112617,-0.0078110979105769284,0.5315450259065901,0.7023053297682624
overall,0.2850000000000007,0.8277232513691486,1.521145061052406,0.8301855276147456,1.7615523244931648,-0.002462276245596683,0.46648216638249973,0.681762206108045
overall,0.2950000000000007,0.8288045346846218,1.5251336851669968,0.8281427859599535,1.756996059132812,0.000661748724668221,0.4177867001544123,0.6552268367296054
overall,0.3050000000000007,0.8274901866589791,1.5310936786185407,0.8265953417522369,1.7547114616229513,0.000894844906741854,0.3613306341534658,0.641162985980682
overall,0.3150000000000007,0.823685528025311,1.540161016607984,0.8257145390286558,1.7542955326283187,-0.002029011003344602,0.35063838762577126,0.63720691217552
overall,0.32500000000000073,0.8175771007905717,1.5527872541548027,0.8254586000791694,1.755411223826644,-0.007881499288597923,0.4119146014513646,0.6552268367296054
overall,0.33500000000000074,0.8096374464350704,1.5688705626559833,0.8255211249082391,1.75790657385678,-0.015883678473168898,0.4717794466267672,0.681762206108045
overall,0.34500000000000075,0.8006024560948306,1.5877720341098605,0.8254237343720996,1.7617813600102405,-0.024821278277268932,0.5117637478221086,0.7008049337719041
overall,0.35500000000000076,0.791416490416627,1.6086705858494885,0.824566352642223,1.7669467881900882,-0.03314986222559595,0.4717763448137394,0.681762206108045
overall,0.36500000000000077,0.783132482651976,1.6309291078171837,0.8223589092942475,1.7729903194113614,-0.03922642664227138,0.4652869190565806,0.681762206108045
overall,0.3750000000000008,0.7767906831227028,1.653988952398103,0.8183750678996998,1.7793258245566774,-0.04158438477699722,0.5185956509912091,0.7008049337719041
overall,0.3850000000000008,0.7733075691990513,1.6776129948068488,0.8124555168328287,1.7850311377082808,-0.0391479476337772,0.537047672044634,0.7023053297682624
overall,0.3950000000000008,0.7733565110501507,1.7015028494820592,0.8047306977429172,1.7889955466839265,-0.03137418669276625,0.5463869248658632,0.7048104976347981
overall,0.4050000000000008,0.7772399637652266,1.7252632173096127,0.79568866603276,1.7903825505352435,-0.01844870226753289,0.5185956509912091,0.7008049337719041
overall,0.4150000000000008,0.7848909071137655,1.7483753170244494,0.7860063290729802,1.788622432053942,-0.001115421959214474,0.5181714732383877,0.7008049337719041
overall,0.4250000000000008,0.7958139643299433,1.7701163619997293,0.7764362020118308,1.7834637412343992,0.019377762318112383,0.4540212879120402,0.681762206108045
overall,0.43500000000000083,0.8091989158890887,1.7897313346801778,0.7676617503222198,1.7747592165480284,0.04153716556686861,0.41778363896971915,0.6552268367296054
overall,0.44500000000000084,0.8239309340845776,1.8064921208483187,0.7601529076818699,1.7626236164962958,0.06377802640270787,0.30024363853793834,0.5846751253472905
overall,0.45500000000000085,0.8387773067357165,1.819860553134128,0.7541496515081586,1.7471735558517167,0.08462765522755789,0.17557171211553435,0.5113287751159371
overall,0.46500000000000086,0.8524839044900472,1.829601824841945,0.7496403514090042,1.7287072404354764,0.10284355308104323,0.1387696933884182,0.5113287751159371
overall,0.47500000000000087,0.863944091017764,1.8358451443112545,0.7465216066148738,1.707895047053876,0.11742248440289052,0.042752947253659586,0.3447818326908031
overall,0.4850000000000009,0.8723509074752571,1.8391210915293092,0.7446858672451043,1.6857985972950975,0.1276650402301527,0.028950592665329882,0.328277953844873
overall,0.4950000000000009,0.8772832688785921,1.840340665217198,0.7441579434304997,1.6641411192274438,0.1331253254480924,0.033360269503631176,0.328277953844873
overall,0.5050000000000009,0.8787363799461706,1.8406659709383657,0.7450440157103535,1.644916357386054,0.13369236423581735,0.04049237592833337,0.3447818326908031
overall,0.5150000000000009,0.8771417185852346,1.8413104308293513,0.747634224286483,1.6302467201403068,0.12950749429875183,0.0831598201684241,0.4844885225890666
overall,0.5250000000000009,0.8732359803901221,1.843399844724899,0.7521857744252773,1.6217374117441508,0.12105020596484488,0.13772275646704388,0.5113287751159371
overall,0.5350000000000009,0.8679659909647601,1.847534176349605,0.758857538275582,1.6199351693088067,0.10910845268917807,0.19168806225290624,0.5113287751159371
overall,0.5450000000000009,0.8621890304592349,1.8535454197801364,0.7675862713463568,1.6242270904576042,0.09460275911287838,0.40327243995318374,0.6552268367296054
overall,0.5550000000000009,0.8566053547637896,1.860426383670523,0.7780625656629401,1.632932095225256,0.07854278910084954,0.5156505033784993,0.7008049337719041
overall,0.565000000000001,0.8516016255562021,1.8665505440198633,0.7896877564424336,1.6439486376198265,0.06191386911376858,0.5961946999238148,0.7306307597105574
overall,0.575000000000001,0.8472144544969652,1.8698054401562858,0.8017237841036469,1.6554334414002874,0.04549067039331843,0.6037919466053148,0.7363316422016034
overall,0.585000000000001,0.8432384164541656,1.8683990956349434,0.8134272267416377,1.6664554696032197,0.0298111897125284,0.6075431468609194,0.7373096442486885
overall,0.595000000000001,0.8393047576072666,1.8609953365809875,0.8241109056241634,1.6768048838036673,0.015193851983103239,0.6475636050624816,0.7600511796507999
overall,0.605000000000001,0.8350833514239421,1.8473061412927874,0.8333364931694851,1.687028007890423,0.0017468582544570566,0.9684866264039615,0.978588407402187
overall,0.615000000000001,0.8303821005551788,1.8280460780694792,0.8409086671852337,1.6975577186486277,-0.01052656663005468,0.8699913296312154,0.9138564386882515
overall,0.625000000000001,0.8251962213166665,1.8048502456762618,0.8469549369163373,1.708749185955443,-0.02175871559967063,0.6886350576611731,0.7970313167374689
overall,0.635000000000001,0.8196895612410392,1.779893405537023,0.8518147419546858,1.720457815325855,-0.032125180713646714,0.5163162566048354,0.7008049337719041
overall,0.645000000000001,0.8140691270234448,1.7553578801258765,0.8560591342544908,1.7324119078106015,-0.04199000723104582,0.3123822948496031,0.5916331341848544
overall,0.655000000000001,0.8085143674881127,1.7329771697465992,0.8603787036139738,1.744573195666456,-0.0518643361258613,0.24269750848010585,0.5466244591689514
overall,0.665000000000001,0.8030079831919463,1.7135368347311717,0.8655114103174985,1.7573221092635745,-0.06250342712555203,0.2625695472738945,0.5516166959535599
overall,0.675000000000001,0.7973561120919277,1.6969438098559189,0.8721770444480489,1.7715670017525271,-0.07482093235612111,0.22043576210060611,0.5456564966427577
overall,0.685000000000001,0.7911857426220787,1.682284891113623,0.8809682635758836,1.7886804643436003,-0.08978252095380504,0.19518525178246626,0.5113287751159371
overall,0.6950000000000011,0.7840806630850599,1.6682132821235849,0.8922697893944201,1.8101464910796983,-0.10818912630936049,0.18338587145939333,0.5113287751159371
overall,0.7050000000000011,0.7757122425922163,1.6533684787681324,0.9062405887466394,1.8373980369329708,-0.13052834615442327,0.17957260436607259,0.5113287751159371
overall,0.7150000000000011,0.7659849343482088,1.636682577729472,0.9226689907870517,1.8713022640685726,-0.1566840564388429,0.16490789724395738,0.5113287751159371
overall,0.7250000000000011,0.7550681852194359,1.6174956306064543,0.9410426956681254,1.9121334641625494,-0.18597451044868973,0.07608477673391921,0.4755298545869951
overall,0.7350000000000011,0.7434800526004881,1.59588405568327,0.9605711277636402,1.9592882797079296,-0.2170910751631521,0.025812191225012354,0.328277953844873
overall,0.7450000000000011,0.7320034369264968,1.5725423160857785,0.9803042276440452,2.0114668851476067,-0.2483007907175485,0.014534512041060325,0.328277953844873
overall,0.7550000000000011,0.72152442821279,1.5487098137700626,0.9992186104486983,2.0666011939047344,-0.2776941822359084,0.014086027542125823,0.328277953844873
overall,0.7650000000000011,0.7129283664355162,1.526319560645273,1.0163603228293445,2.122088516640346,-0.303431956393828,0.015957230945497138,0.328277953844873
overall,0.7750000000000011,0.7069631060844402,1.5076509927338673,1.0309461465444512,2.1752164207043942,-0.32398304046001114,0.022270104924922575,0.328277953844873
overall,0.7850000000000011,0.704112961782241,1.4951038173540776,1.0423995247787874,2.223270905577309,-0.33828656299654675,0.02979133016623615,0.328277953844873
overall,0.7950000000000012,0.7045816469221351,1.4906439210757465,1.0503491696986202,2.2639222224499305,-0.34576752277648565,0.04049237592833337,0.3447818326908031
overall,0.8050000000000012,0.7082624228111152,1.4952536762404682,1.0546301830090152,2.2955527510628446,-0.34636776019790005,0.058669089776015225,0.4130570750346779
overall,0.8150000000000012,0.7148449027874336,1.5086511843562473,1.0552410956444838,2.3171251611566586,-0.3403961928570504,0.0831598201684241,0.4844885225890666
overall,0.8250000000000012,0.7238962101937553,1.5295383341260314,1.0522998991939807,2.3283980997860696,-0.32840368900022565,0.11797595735524119,0.5113287751159371
overall,0.8350000000000012,0.7349669409192053,1.556011156842261,1.0460873592480782,2.329812427428054,-0.3111204183288727,0.15393726370482427,0.5113287751159371
overall,0.8450000000000012,0.7476121009422854,1.586187052080919,1.036981073473631,2.3223045472905097,-0.289368972531346,0.19169469042669585,0.5113287751159371
overall,0.8550000000000012,0.7615043283623011,1.6187042729144443,1.0255091318918368,2.306987747759069,-0.26400480352953576,0.23585812680302076,0.5466244591689514
overall,0.8650000000000012,0.7763490627293276,1.6526083128781277,1.0123117617021973,2.284988985545799,-0.23596269897286962,0.3070069815366323,0.5858911861386112
overall,0.8750000000000012,0.7918874233725806,1.6870568598699232,0.9980900588346197,2.2571208069910167,-0.20620263546203874,0.40326893157300225,0.6552268367296054
overall,0.8850000000000012,0.8077654082682142,1.720607444347073,0.9834856735912184,2.223847448990093,-0.17572026532300425,0.47832160162475423,0.6872436804953366
overall,0.8950000000000012,0.8235525527650142,1.7510124959781046,0.9690535533211935,2.1854807867403228,-0.14550100055617965,0.5323994850114409,0.7023053297682624
overall,0.9050000000000012,0.8387074101194713,1.7752748479779215,0.9551523029627346,2.14229538714096,-0.11644489284326338,0.4849130252357077,0.6887969108461757
overall,0.9150000000000013,0.8526465617883754,1.789995398972174,0.941983987750402,2.0949012522175265,-0.08933742596202672,0.4588443639352483,0.681762206108045
overall,0.9250000000000013,0.8647383626929037,1.7921958955054873,0.9295176028316715,2.0442865214790493,-0.06477924013876778,0.43358028518834,0.669105378377068
overall,0.9350000000000013,0.8744806207561283,1.7800879330957167,0.9176300273635104,1.991934494959065,-0.04314940660738264,0.4849130252357077,0.6887969108461757
overall,0.9450000000000013,0.8815013881277353,1.7536945879276056,0.9061372703442819,1.939676687958251,-0.024635882216546785,0.8142898151420133,0.8812660337034776
overall,0.9550000000000013,0.8856644728938527,1.715114424252548,0.8948953769876541,1.8894100824062288,-0.00923090409380112,0.8913729266385233,0.9251519764430823
overall,0.9650000000000013,0.8870431976110587,1.6681876133793065,0.8838083015238823,1.8427788004927106,0.0032348960871766592,0.8569416532326027,0.9053407792017724
overall,0.9750000000000013,0.8859035796825799,1.6178918841527643,0.8728807070140349,1.8009709460181478,0.013022872668545273,0.8741274947577417,0.9143593041398971
overall,0.9850000000000013,0.8826729423409136,1.569381343971885,0.8621467920793243,1.7644027301829985,0.020526150261589673,0.9869248047447011,0.9869248047447011
overall,0.9950000000000013,0.8778644583791606,1.5268788338698012,0.8516368798801968,1.732606021612857,0.026227578498963695,0.8483735727532129,0.902525077397035
overall,1.0050000000000012,0.8721224655381301,1.4933796102223744,0.841315739268166,1.7043549005988572,0.030806726269964467,0.6581436102395282,0.7688593577564581
overall,1.0150000000000015,0.8660759046252371,1.4703205996692446,0.8311011497425687,1.6779934816117796,0.03497475488266831,0.5811324119238933,0.7184104444020001
overall,1.0250000000000012,0.8603837716580458,1.458111741314677,0.8208337037298807,1.6519832348230092,0.03955006792816505,0.4947105686499643,0.6987437410310231
overall,1.0350000000000015,0.8556471305392619,1.456767273422948,0.8103448419284909,1.6254084782156872,0.04530228861077083,0.4196319473526863,0.6552268367296054
overall,1.0450000000000013,0.8523437918544416,1.4661977685983945,0.7995625753039194,1.5984525673614827,0.052781216550522175,0.36353218735984816,0.641162985980682
overall,1.0550000000000015,0.850716480356398,1.486099346139061,0.7885101864134783,1.5724359482073156,0.06220629394291961,0.3755782951096238,0.6475487846717652
overall,1.0650000000000013,0.8507595057277434,1.5156402540185692,0.7774464983251961,1.5495772919056996,0.07331300740254708,0.42196608285386583,0.6552268367296054
overall,1.0750000000000015,0.8521230015549047,1.5531479547095344,0.7668093267048215,1.5324739762381039,0.0853136748500835,0.4094443382546161,0.6552268367296054
overall,1.0850000000000013,0.8542005388459715,1.5958887716102943,0.757178556750857,1.5234127904093173,0.09702198209511441,0.33908368664114874,0.6279327530391643
overall,1.0950000000000015,0.856216094242034,1.6405419139954478,0.7491945225563656,1.5239128895495735,0.10702157168566849,0.24020024129253248,0.5466244591689514
overall,1.1050000000000013,0.8573369375883512,1.6835719901354635,0.743450113233806,1.534487905452154,0.11388682435454525,0.19543532019049437,0.5113287751159371
overall,1.1150000000000015,0.8568832044998775,1.7220923786008362,0.7402933869911262,1.5543620235799416,0.11658981750875093,0.1539341923839376,0.5113287751159371
overall,1.1250000000000013,0.8544495201979965,1.7542629044608584,0.7398653881965114,1.5817457865700983,0.1145841320014853,0.1539341923839376,0.5113287751159371
overall,1.1350000000000016,0.8500130281900231,1.7796668769535988,0.7419582358213399,1.6138033803048872,0.10805479236868357,0.17724264167439163,0.5113287751159371
overall,1.1450000000000014,0.8438330606997255,1.7990525200635263,0.746141404813667,1.6472224873142187,0.09769165588605855,0.21095078948514656,0.5361032281729162
overall,1.1550000000000016,0.8364475284186684,1.8140995563266633,0.75175235969212,1.6784607993246916,0.08469516872654856,0.2917462458559107,0.5788615989204576
overall,1.1650000000000014,0.8285555447303721,1.8268109569079267,0.7580749049917752,1.7043772685776444,0.0704806397385967,0.3850838953871788,0.6552268367296054
overall,1.1750000000000016,0.8208040423395792,1.8385225635042552,0.7644816580759682,1.7228464076620078,0.05632238426361093,0.537047672044634,0.7023053297682624
overall,1.1850000000000014,0.8137098636085716,1.8492902544569263,0.7704967351809776,1.7328453881803996,0.043213128427594144,0.7143650608485943,0.8154852292792173
overall,1.1950000000000016,0.8075761910369416,1.8576681902420369,0.7759130211872605,1.7348513085578587,0.03166316984968139,0.9173351688787166,0.9437604618093792
overall,1.2050000000000014,0.8025252537985934,1.8609266131787146,0.7807803334447976,1.730612947191414,0.02174492035379589,0.7889520689699113,0.8671156823844938
overall,1.2150000000000016,0.7985147670034043,1.8559447493156374,0.785397482068003,1.7228328449584147,0.013117284935401636,0.6346061151647244,0.7554834704341957
overall,1.2250000000000014,0.7954383391138568,1.8403314556706676,0.7901831890552684,1.7146376842393922,0.005255150058588426,0.42196608285386583,0.6552268367296054
overall,1.2350000000000017,0.7931646418520052,1.813095400371967,0.7956464877379693,1.7089528237086304,-0.002481845885964064,0.29677548517842967,0.5842037109811608
overall,1.2450000000000014,0.7915439521810586,1.7752446094143086,0.802182298493867,1.70783777321025,-0.010638346312808524,0.24728296354478918,0.5470862025327194
overall,1.2550000000000017,0.7904498619655925,1.7295465116681967,0.8101002848732096,1.7122083041259635,-0.019650422907616826,0.19621011850107473,0.5113287751159371
overall,1.2650000000000015,0.7896571166905231,1.6798904519892395,0.8194914321990443,1.7217930972467028,-0.029834315508521433,0.1810350593451241,0.5113287751159371
overall,1.2750000000000017,0.7888618655397266,1.6302579836361577,0.8302472393584152,1.735435461351606,-0.041385373818688294,0.3016923646792019,0.5846751253472905
overall,1.2850000000000015,0.7875731849751852,1.583755479559459,0.8421125082728079,1.7517633871241904,-0.05453932329762294,0.351738215520887,0.63720691217552
overall,1.2950000000000017,0.7852525439725955,1.5423544723167337,0.8547155330593877,1.7695634624764176,-0.0694629890867922,0.26621389903693693,0.5525331177142015
overall,1.3050000000000015,0.7812987001435994,1.5066521137310758,0.8676216788703301,1.7879808445971817,-0.0863229787267307,0.1810350593451241,0.5113287751159371
overall,1.3150000000000017,0.7752049841412084,1.4766107127561567,0.8803877658554388,1.8065681543723455,-0.10518278171423029,0.14074416135448126,0.5113287751159371
overall,1.3250000000000015,0.766687019688593,1.4521202459669809,0.8925311716839612,1.8249146076537892,-0.1258441519953682,0.09592993989845508,0.5113287751159371
overall,1.3350000000000017,0.7558110454820477,1.4335192829485066,0.9035479795316634,1.84237815999586,-0.14773693404961566,0.07360242500693244,0.47468540300492545
overall,1.3450000000000015,0.7430047549494985,1.4214371968626869,0.9129253695941234,1.8580685308020903,-0.16992061464462502,0.04634331968751278,0.3510857552084301
overall,1.3550000000000018,0.7291059017501974,1.4164954980087074,0.9201022529480686,1.8706663850407266,-0.19099635119787095,0.025053357626296575,0.328277953844873
overall,1.3650000000000015,0.7151916339497636,1.4187038835687127,0.924567990369007,1.8786967078955763,-0.20937635641924326,0.010917047363139466,0.328277953844873
overall,1.3750000000000018,0.7025305542002852,1.427426310407229,0.9258804401203794,1.880741068329151,-0.2233498859200942,0.0035279518307023204,0.14699799294593002
overall,1.3850000000000016,0.692462994804899,1.4415199824320095,0.9238476713568103,1.8757709784849539,-0.23138467655191136,0.0019935748745407863,0.12459842965879914
overall,1.3950000000000018,0.686187440445221,1.459445947110586,0.9185138242944243,1.8632782830138839,-0.23232638384920296,0.0011131909172117929,0.12459842965879914
overall,1.4050000000000016,0.6847186788010494,1.480096526491443,0.9102428512384257,1.8435463856332466,-0.225524172437376,0.0007546559296229938,0.12459842965879914
overall,1.4150000000000018,0.688760403804789,1.5027765665237411,0.899659913963022,1.8175931010484025,-0.210899510158233,0.0019704077195324262,0.12459842965879914
overall,1.4250000000000016,0.6986519006726883,1.5274708075169279,0.8875379326599334,1.7870447376580938,-0.18888603198724485,0.0035047476631683127,0.14699799294593002
overall,1.4350000000000018,0.7143047254109541,1.5548036360807493,0.8746776102301549,1.7537122848515259,-0.16037288481920065,0.006059315021914234,0.21640410792550838
overall,1.4450000000000016,0.7352144987509628,1.5856855422756677,0.8617975309414051,1.7194029010473746,-0.12658303219044217,0.03200258531128605,0.328277953844873
overall,1.4550000000000018,0.7604806728701233,1.6210534457348562,0.8493931878477203,1.6855387418258547,-0.08891251497759695,0.1312009837908154,0.5113287751159371
overall,1.4650000000000016,0.7889522018993113,1.6615378176067244,0.8377770893632505,1.653205913793201,-0.04882488746393901,0.46449558585401407,0.681762206108045
overall,1.4750000000000019,0.8192794149301441,1.7069823776804351,0.8270438925042771,1.6232519752468417,-0.007764477574132982,0.8955471131969037,0.9251519764430823
overall,1.4850000000000017,0.8501916064821521,1.7565105237719152,0.8172089092262316,1.5966371697071167,0.032982697255920346,0.3646630012809722,0.641162985980682
overall,1.4950000000000019,0.880484843258754,1.8083674139785402,0.8082841447214076,1.5745621035929938,0.07220069853734667,0.14520561034739915,0.5113287751159371
overall,1.5050000000000017,0.9092123833597806,1.8603029487582083,0.8003901942893378,1.5583567974667212,0.10882218907044286,0.11659906220946456,0.5113287751159371
overall,1.515000000000002,0.9357103224638095,1.9099640529142663,0.7938070971352323,1.5492395908452574,0.14190322532857713,0.05654536210351486,0.4130570750346779
overall,1.5250000000000017,0.9594412352624438,1.954780891316632,0.7889789836850019,1.5480999349863487,0.170462251577442,0.04476691236749193,0.34974150287103073
overall,1.535000000000002,0.9800014499829098,1.9926166284714304,0.7864854278626771,1.5554133319028218,0.19351602212023258,0.033017151535238654,0.328277953844873
overall,1.5450000000000017,0.9969834330540367,2.021658064417672,0.7869273153398584,1.5711812597877575,0.2100561177141787,0.02645950257988294,0.328277953844873
overall,1.555000000000002,1.0099259274109422,2.0406706494234284,0.7908240643308843,1.595155839413503,0.21910186308005797,0.025396551700631445,0.328277953844873
overall,1.5650000000000017,1.0182720708597635,2.048870688829889,0.7985595911356991,1.6269573272805842,0.21971247972406427,0.02455864369061138,0.328277953844873
overall,1.575000000000002,1.0214641359849181,2.0459019331304114,0.8101195184887796,1.665782100629691,0.21134461749613834,0.03198417150232695,0.328277953844873
overall,1.5850000000000017,1.019068428466958,2.0319445735196093,0.8251200133497291,1.71048051974143,0.19394841511722866,0.06113983268451348,0.41310697759806403
overall,1.595000000000002,1.010933377336679,2.007717512752556,0.8427668491820568,1.759291643757342,0.1681665281546222,0.18410154940392476,0.5113287751159371
overall,1.6050000000000018,0.9972986077579417,1.9745106356111188,0.861931865557134,1.8098773461169955,0.13536674220080785,0.39172073941517005,0.6552268367296054
overall,1.615000000000002,0.9788962213444095,1.9343545082429447,0.8812727578046109,1.8594392904114365,0.09762346353979887,0.9711030657416846,0.978588407402187
overall,1.6250000000000018,0.9570013788052059,1.8901517666574439,0.8994290677895546,1.9050433759230296,0.05757231101565115,0.7262084027878886,0.8215027180858467
overall,1.635000000000002,0.9332389035139165,1.845377178173921,0.9152659787819082,1.944098821739769,0.017972924732008504,0.5143705747741671,0.7008049337719041
overall,1.6450000000000018,0.909487486591971,1.8041047500090308,0.9280373693604659,1.9747486179806155,-0.0185498827684951,0.3942562432920752,0.6552268367296054
overall,1.655000000000002,0.8876225533268788,1.77049502086301,0.9375256704691876,1.9963032012054163,-0.04990311714230893,0.30700651537705803,0.5858911861386112
overall,1.6650000000000018,0.8692293919128387,1.748424991331537,0.94401716430565,2.0094104267242243,-0.07478777239281145,0.27109852719742844,0.5525331177142015
overall,1.675000000000002,0.8553820813085651,1.7408314768058586,0.948291897697936,2.0161286298138443,-0.09290981638937111,0.2613901881367874,0.5516166959535599
overall,1.6850000000000018,0.8464581748669356,1.7490918294044249,0.9513520813115546,2.0193815291151225,-0.10489390644461905,0.22935196912560196,0.5466244591689514
overall,1.695000000000002,0.8421637886348146,1.7725425046221872,0.9542536427614715,2.0223794392442307,-0.11208985412665716,0.16490789724395738,0.5113287751159371
overall,1.7050000000000018,0.8414765891084366,1.8082209970446055,0.9578241240019375,2.0277865883781154,-0.11634753489350091,0.12614964199417728,0.5113287751159371
overall,1.715000000000002,0.842915814197306,1.8513042509982895,0.9624167689607155,2.036835231434529,-0.11950095476340936,0.13772589069711721,0.5113287751159371
overall,1.7250000000000019,0.8448119658174594,1.895858934104942,0.9678754291522971,2.049080251906108,-0.1230634633348375,0.1633137897603415,0.5113287751159371
overall,1.735000000000002,0.8455216196131333,1.9356104954363607,0.9735101644829076,2.0625307582820684,-0.12798854486977404,0.1810350593451241,0.5113287751159371
overall,1.7450000000000019,0.8437852904456739,1.9649917042252494,0.9782049445406199,2.074102548926084,-0.13441965409494638,0.08333202588531945,0.4844885225890666
overall,1.7550000000000021,0.8388538021224108,1.9796525977015351,0.9806653861733183,2.0804309025719605,-0.1418115840509078,0.05948021880499362,0.4130570750346779
overall,1.765000000000002,0.830650037757484,1.9771742510058627,0.9797564420682079,2.0789889889530144,-0.149106404310724,0.03545401901524629,0.328277953844873
overall,1.7750000000000021,0.8197690544423821,1.9572677079400653,0.9746993620185682,2.068440215362737,-0.1549303075761864,0.03180634525830929,0.328277953844873
overall,1.785000000000002,0.8072421127901366,1.9217180652553547,0.9653355741971882,2.0490203653725962,-0.15809346140705177,0.034510158789884005,0.328277953844873
overall,1.7950000000000021,0.7943792746242465,1.8741956848129513,0.9521137712463006,2.022332865002553,-0.15773449662205388,0.0335878487600277,0.328277953844873
overall,1.805000000000002,0.7825220208942746,1.81988390214654,0.9361142068572484,1.9910374568914866,-0.15359218596297422,0.041591733722001895,0.3447818326908031
overall,1.8150000000000022,0.7727159474919381,1.7644729694493837,0.9187934513655137,1.9581314041127365,-0.14607750387357574,0.07405092286876837,0.47468540300492545
overall,1.825000000000002,0.7655527068523249,1.7134473039682871,0.9017653033241556,1.9264716059820488,-0.1362125964718304,0.12211618118941975,0.5113287751159371
overall,1.8350000000000022,0.7611117104759666,1.6711542694099992,0.8865306475869256,1.8983437038951003,-0.12541893711095906,0.1477255880782348,0.5113287751159371
overall,1.845000000000002,0.7589682253883206,1.6400753151706584,0.874287047592362,1.8753897413055978,-0.11531882220404151,0.13475776713757462,0.5113287751159371
overall,1.8550000000000022,0.7583738896714745,1.6206671515503361,0.8657684068346235,1.8584398818308223,-0.10739451716314904,0.1438130353334914,0.5113287751159371
overall,1.865000000000002,0.7584195205237924,1.611524637069066,0.8612558442796383,1.8478202817749867,-0.10283632375584562,0.11022368121623205,0.5113287751159371
overall,1.8750000000000022,0.7582656859067798,1.6100847032982866,0.8605595970770384,1.8433699172838256,-0.10229391117025853,0.12897011121972915,0.5113287751159371
overall,1.885000000000002,0.7572917612895719,1.6134607392268394,0.8631484399296415,1.8447728683481894,-0.10585667864006984,0.1599287071736536,0.5113287751159371
overall,1.8950000000000022,0.7551231267757712,1.6190309186486918,0.868228192313192,1.8515690156723659,-0.1131050655374209,0.17738115878779548,0.5113287751159371
overall,1.905000000000002,0.7516419806124407,1.6249646364120782,0.8748543614589611,1.863402556824359,-0.12321238084652061,0.1469329635051231,0.5113287751159371
overall,1.9150000000000023,0.7468196027026653,1.6300559514801551,0.882014181663017,1.880156544257288,-0.13519457896035209,0.15332775756551434,0.5113287751159371
overall,1.925000000000002,0.740635606299246,1.6337668310805222,0.8887415291194993,1.9021109716796019,-0.1481059228202534,0.17023860494748877,0.5113287751159371
overall,1.9350000000000023,0.7329857581387964,1.635966327150912,0.8941996498028185,1.929917496112781,-0.16121389166402236,0.19621011850107473,0.5113287751159371
overall,1.945000000000002,0.7236001483908849,1.6365164281218176,0.8977081892219143,1.9644449729028761,-0.1741080408310295,0.24270125987101443,0.5466244591689514
overall,1.9550000000000023,0.7121388997759295,1.6354650810987046,0.8988615322133992,2.0065449023236055,-0.18672263243746978,0.22068851615288598,0.5456564966427577
overall,1.965000000000002,0.6983038300194809,1.6329849269862866,0.8974994914470162,2.056592977231305,-0.19919566142753534,0.21229687835647482,0.5361032281729162
overall,1.9750000000000023,0.6819556130346937,1.6295902200350698,0.8937361435487547,2.114220135618403,-0.2117805305140611,0.29124878538104726,0.5788615989204576
overall,1.985000000000002,0.6632318352288418,1.6261975065999354,0.887953985793498,2.1781647326172813,-0.22472215056465636,0.351738215520887,0.63720691217552
overall,1.9950000000000023,0.6426024409548214,1.6239299238198668,0.8806658668407905,2.2461680413585623,-0.23806342588596907,0.3635360079750922,0.641162985980682
amygdala,-0.495,1.734533252538608,3.2692833810350392,1.3476182361285227,3.15096320631033,0.3869150164100851,0.11092454538064517,0.5394322672016989
amygdala,-0.485,1.7029423187146593,3.0353794125290157,1.3597566980497942,3.016984018984182,0.34318562066486547,0.14500093999532096,0.5394322672016989
amygdala,-0.475,1.6738546813936048,2.827655965381952,1.3722171073521001,2.8907878259255764,0.3016375740415046,0.2188106966913549,0.5803537190398239
amygdala,-0.46499999999999997,1.6480614125635213,2.6565989859533836,1.3838643428799855,2.7762690263061147,0.2641970696835359,0.24548730413787312,0.5900989249531977
amygdala,-0.45499999999999996,1.6258812051419496,2.5274318426815103,1.3935986962990141,2.675205097637402,0.23228250884293522,0.29487572721167077,0.6410341895905887
amygdala,-0.44499999999999995,1.607198343219146,2.439126257423962,1.4006639892230528,2.58742258721109,0.20653435399609338,0.29487572721167077,0.6410341895905887
amygdala,-0.43499999999999994,1.5915990444905115,2.385822718801107,1.4047970631540119,2.511558981573384,0.18680198133649936,0.30549813024041306,0.6472418013568073
amygdala,-0.42499999999999993,1.5786700731993373,2.359351808418582,1.40634145802747,2.4458329680766435,0.1723286151718672,0.30549813024041306,0.6472418013568073
amygdala,-0.4149999999999999,1.5681316737834394,2.351966087271934,1.406279291176284,2.3892632376606726,0.16185238260715484,0.3744947549643215,0.6951701122809478
amygdala,-0.4049999999999999,1.5598493169004235,2.3576576307767954,1.40598225852492,2.341880475520785,0.15386705837550332,0.5237341899765697,0.7701973382008378
amygdala,-0.3949999999999999,1.5538151252162502,2.372581892544236,1.4069088017107088,2.304721710431545,0.1469063235055414,0.8022117949916099,0.9029387731368645
amygdala,-0.3849999999999999,1.549982438407912,2.394267592711574,1.410326468516831,2.2793250540955547,0.13965596989108106,0.9093510601128354,0.9715289103769609
amygdala,-0.3749999999999999,1.5480323105604983,2.4205892385117944,1.4169399797155142,2.2667663972208096,0.1310923308449843,0.9818326029360694,0.9977973607073876
amygdala,-0.3649999999999999,1.5473041846021829,2.4491641201753582,1.4267291235600783,2.267078448588764,0.12057506104210507,0.9636746235039864,0.9833414525550881
amygdala,-0.35499999999999987,1.546734525839789,2.4771907644322364,1.43885951206909,2.278749484050427,0.1078750137706989,0.6818898536170435,0.8523623170213044
amygdala,-0.34499999999999986,1.5450696095591803,2.501900701067693,1.451864094131474,2.2990537094868,0.0932055154277065,0.5847125558503574,0.8357529893005711
amygdala,-0.33499999999999985,1.541093484125766,2.5213978573966087,1.4638971027181795,2.324456566633683,0.07719638140758606,0.8733537674341689,0.9370748577619838
amygdala,-0.32499999999999984,1.5339465515579145,2.5352813050283944,1.4730383785501648,2.3510930572095052,0.060908173007749596,1.0,1.0
amygdala,-0.31499999999999984,1.5232781613511768,2.544530690117676,1.4776825934240971,2.3753925941553224,0.045595567927079986,0.7156020623007808,0.8595295821797202
amygdala,-0.3049999999999998,1.5094112117458942,2.5512794705516795,1.4767858332365669,2.394412218581809,0.0326253785093277,0.5090155988275284,0.7701973382008378
amygdala,-0.2949999999999998,1.4932438579056726,2.557750081491927,1.4699968609358458,2.4060329038089687,0.023246996969826357,0.5090155988275284,0.7701973382008378
amygdala,-0.2849999999999998,1.47607323512161,2.5653501500858766,1.4577131006036983,2.409366405867808,0.018360134517911277,0.38686641984360415,0.6951701122809478
amygdala,-0.2749999999999998,1.4593049776933493,2.5741260106970687,1.440979868610589,2.404753050114783,0.018325109082760548,0.3365521878439186,0.6840491622843874
amygdala,-0.2649999999999998,1.444138118418088,2.5825766418575795,1.421246973036022,2.393606613077176,0.022891145382066484,0.40041798467382594,0.6951701122809478
amygdala,-0.2549999999999998,1.431422763878009,2.588296035507868,1.4003000907795617,2.378447695784204,0.03112267309844717,0.40041798467382594,0.6951701122809478
amygdala,-0.24499999999999977,1.4214030536787912,2.58827272022729,1.3798983715860993,2.362193787934616,0.04150468209269186,0.40041798467382594,0.6951701122809478
amygdala,-0.23499999999999976,1.413878028206853,2.5799159245601344,1.3617479956476728,2.348091504916707,0.052130032559180375,0.3408819179593692,0.6872619313696959
amygdala,-0.22499999999999976,1.4082520228882973,2.5615370808496403,1.3472955694887787,2.3391017699991363,0.060956453399518426,0.380904893503636,0.6951701122809478
amygdala,-0.21499999999999975,1.4036454128761406,2.5327710073939715,1.337765592120421,2.338000750871125,0.06587982075572,0.3870936972590958,0.6951701122809478
amygdala,-0.20499999999999974,1.3991582532332658,2.495072056858076,1.333991642638248,2.3468305191947256,0.0651666105950178,0.47106336173321883,0.7501008944796478
amygdala,-0.19499999999999973,1.3939212573325805,2.451330259414943,1.3365161942340082,2.3671139578682694,0.05740506309857164,0.5165484841465026,0.7701973382008378
amygdala,-0.18499999999999972,1.3872907108479076,2.4056069197146432,1.3454664643468193,2.3994347216797527,0.04182424650108785,0.6004574855558895,0.8374881944302217
amygdala,-0.1749999999999997,1.378851003298716,2.362380023294071,1.3605162918851355,2.4431141573269874,0.018334711413580566,0.4254511364591589,0.7084102780103463
amygdala,-0.1649999999999997,1.368536101059456,2.325929984816002,1.3807809748424527,2.495815799683593,-0.012244873782996938,0.39948426822080874,0.6951701122809478
amygdala,-0.1549999999999997,1.356523921172763,2.2998366744538434,1.404869321644584,2.553725260913098,-0.04834540047182086,0.38686641984360415,0.6951701122809478
amygdala,-0.14499999999999968,1.3433256954663058,2.286938181925639,1.4308966028055206,2.611616560103686,-0.08757090733921448,0.2548820588548997,0.5987943078738293
amygdala,-0.13499999999999968,1.3296800375555033,2.288861064041512,1.45654279192606,2.663508792657114,-0.12686275437055683,0.2363679323076886,0.5803537190398239
amygdala,-0.12499999999999967,1.3165684777707831,2.306196372554528,1.4793387419686166,2.7033632162255077,-0.1627702641978334,0.17184940048457142,0.5394322672016989
amygdala,-0.11499999999999966,1.3050746931478112,2.337907249416371,1.4968430582104608,2.7258232685246155,-0.19176836506264977,0.1648154704539847,0.5394322672016989
amygdala,-0.10499999999999965,1.2963822536905008,2.381304912753333,1.506998942033515,2.7271288024866873,-0.21061668834301397,0.14501397079599415,0.5394322672016989
amygdala,-0.09499999999999964,1.2914809193626153,2.4320803716686195,1.5084329582147054,2.70574074494493,-0.21695203885208947,0.21155538685054276,0.5803537190398239
amygdala,-0.08499999999999963,1.2912034619525736,2.48509857863987,1.5006393323884406,2.6625392059881343,-0.20943587043586664,0.21155538685054276,0.5803537190398239
amygdala,-0.07499999999999962,1.2958926088496165,2.5349624604987646,1.4840930526458438,2.6008266153011124,-0.18820044379622716,0.32461181114807214,0.6762746065584836
amygdala,-0.06499999999999961,1.3054454014673118,2.5771080172651786,1.4602465238237647,2.5258832808144125,-0.15480112235645266,0.4278798079182492,0.7084102780103463
amygdala,-0.054999999999999605,1.3191323160725106,2.608238251379529,1.4313607287548544,2.4443861919070753,-0.11222841268234347,0.5237341899765697,0.7701973382008378
amygdala,-0.044999999999999596,1.3355147867071744,2.6261041318606537,1.4001855347433976,2.3633616170991227,-0.06467074803622377,0.6163913111006432,0.8374881944302217
amygdala,-0.03499999999999959,1.3526253335352567,2.629641872523447,1.3694843135773076,2.289099402922083,-0.016858980042050595,0.7156020623007808,0.8595295821797202
amygdala,-0.024999999999999578,1.3680531614921383,2.6181143173545682,1.341721417804115,2.2265980092940905,0.026331743688023476,1.0,1.0
amygdala,-0.01499999999999957,1.379165221154124,2.5913109773453176,1.318785067493385,2.1792960010384608,0.06038015366073937,0.9636746235039864,0.9833414525550881
amygdala,-0.00499999999999956,1.383621341750811,2.5496810831246717,1.3016880414631062,2.1487866938447118,0.08193330028770489,0.819868406008273,0.9029387731368645
amygdala,0.0050000000000004485,1.3796646084088913,2.4946302319050315,1.2906951777995967,2.1353946423486376,0.08896943060929478,0.819868406008273,0.9029387731368645
amygdala,0.015000000000000457,1.3665136985856376,2.4289025089178353,1.2854041715670739,2.1382614348882543,0.08110952701856358,0.9636746235039864,0.9833414525550881
amygdala,0.025000000000000466,1.3445524184134605,2.3567692494308363,1.2849487025638766,2.155905019937262,0.05960371584958381,0.9455354646923675,0.9833414525550881
amygdala,0.035000000000000475,1.3154296861350152,2.2835205044755305,1.2882631976811973,2.1862488387502848,0.02716648845381782,0.819868406008273,0.9029387731368645
amygdala,0.045000000000000484,1.2817467454790117,2.2147676040359885,1.2942341192816407,2.226779289686885,-0.012487373802628942,0.6163913111006432,0.8374881944302217
amygdala,0.05500000000000049,1.2467745659913496,2.1554258259676633,1.3018769907698613,2.2746660109850465,-0.05510242477851217,0.41234652788813886,0.6965312971083426
amygdala,0.0650000000000005,1.2138561812678357,2.108865778736439,1.3102976828655561,2.326599312898799,-0.09644150159772041,0.36951134123291407,0.6951701122809478
amygdala,0.07500000000000051,1.185927478176969,2.076516829956002,1.3187750029898169,2.3790634442534375,-0.13284752481284762,0.30437241089978706,0.6472418013568073
amygdala,0.08500000000000052,1.1650713358429317,2.0577116254261867,1.3267406795000816,2.428452759567954,-0.1616693436571497,0.26545303243391527,0.6088372303530166
amygdala,0.09500000000000053,1.1524260756866311,2.0503935977706917,1.3338200774961944,2.471312837584178,-0.1813940018095634,0.23861149139196747,0.5803537190398239
amygdala,0.10500000000000054,1.1479874563688819,2.0512798363573346,1.339795611864396,2.5047766669815554,-0.19180815549551442,0.22181698571454478,0.5803537190398239
amygdala,0.11500000000000055,1.1509207560571657,2.0566471262882278,1.3447392539925862,2.527130575900968,-0.19381849793542086,0.25628396376999896,0.5987943078738293
amygdala,0.12500000000000056,1.1596581248888447,2.062597186429266,1.3489080445748622,2.5380168544465986,-0.18924991968601712,0.2748315317027048,0.6134945500462726
amygdala,0.13500000000000056,1.172357459324705,2.065761126608386,1.352665901005351,2.538491902565919,-0.18030844168064536,0.2748455584207301,0.6134945500462726
amygdala,0.14500000000000057,1.1871529944489854,2.063768840189042,1.3564072462295527,2.5309499893609364,-0.16925425178056755,0.3581028690285257,0.6951701122809478
amygdala,0.15500000000000058,1.202355740475429,2.05539482373092,1.3604049265135632,2.5183571424770617,-0.15804918603813423,0.4051305894807967,0.6965312971083426
amygdala,0.1650000000000006,1.2167236258852827,2.0411369266052617,1.3647700245357408,2.5038466259271654,-0.1480463986504584,0.4957887064737012,0.7651060285087982
amygdala,0.1750000000000006,1.2294651965721783,2.022630448500733,1.3692586381037546,2.48969506635088,-0.13979344153157627,0.6113514993496755,0.8374881944302217
amygdala,0.1850000000000006,1.2402939568020235,2.002547444756967,1.3735085445629782,2.4773792736470357,-0.1332145877609548,0.9396727300650676,0.9833414525550881
amygdala,0.19500000000000062,1.249370794173507,1.983796473838966,1.376903956747792,2.466873156980285,-0.12753316257428537,0.7672083132559107,0.8838805452257035
amygdala,0.20500000000000063,1.2572075536778327,1.9687782213631568,1.3789179182623204,2.457502016227118,-0.12171036458448783,0.7156020623007808,0.8595295821797202
amygdala,0.21500000000000064,1.2644343499178516,1.9588756648253696,1.379021563440931,2.44784035613469,-0.11458721352307949,0.6488010185768092,0.8487428543173078
amygdala,0.22500000000000064,1.2716142202503231,1.954142854686933,1.3768824393017025,2.436644405806525,-0.10526821905137923,0.698671667179475,0.8595295821797202
amygdala,0.23500000000000065,1.2791779125127274,1.9536039879740195,1.3724346770742097,2.4232914263215313,-0.09325676456148235,0.6163913111006432,0.8374881944302217
amygdala,0.24500000000000066,1.287201717053556,1.9556777773422898,1.3658160526026455,2.40791421544173,-0.07861433554908964,0.6004574855558895,0.8374881944302217
amygdala,0.25500000000000067,1.2955144546811874,1.958827598351133,1.357351303653953,2.3911997238561122,-0.061836848972766256,0.632507939829223,0.8411009838154562
amygdala,0.2650000000000007,1.3035998745431912,1.9620813411050086,1.3474968590955916,2.374259538641096,-0.04389698455240036,0.5847003837977167,0.8357529893005711
amygdala,0.2750000000000007,1.3109159334624336,1.9655266802546612,1.3368621786929615,2.3579576401971827,-0.025946245230527937,0.5538124142676271,0.8049599044587603
amygdala,0.2850000000000007,1.3168477971159485,1.970174157606308,1.3260582174973228,2.3428595676329174,-0.00921042038137422,0.7156020623007808,0.8595295821797202
amygdala,0.2950000000000007,1.320964897438724,1.9776816822973755,1.3157205915206578,2.3290690329256596,0.0052443059180660966,0.6163913111006432,0.8374881944302217
amygdala,0.3050000000000007,1.3230210183504574,1.9897430512800096,1.3063070241835828,2.3163876387619564,0.016713994166874392,0.5090155988275284,0.7701973382008378
amygdala,0.3150000000000007,1.3231076869209717,2.007709313039766,1.2982032342285994,2.304987249307268,0.02490445269237212,0.35049563131847306,0.6951701122809478
amygdala,0.32500000000000073,1.3215737966151837,2.0317318816249386,1.2915782927368111,2.295653516411402,0.029995503878372638,0.4254511364591589,0.7084102780103463
amygdala,0.33500000000000074,1.319037036471304,2.061022930330629,1.2863456625956147,2.2897518384804685,0.03269137387568934,0.4802415427194643,0.750377410499163
amygdala,0.34500000000000075,1.316275781231424,2.094005041558843,1.2821888764915272,2.2888130943597336,0.034086904739896506,0.4802415427194643,0.750377410499163
amygdala,0.35500000000000076,1.3142181718666848,2.1289103791118156,1.278631219038413,2.2938179434351755,0.03558695282827167,0.35049563131847306,0.6951701122809478
amygdala,0.36500000000000077,1.3138218642489141,2.1644246515784715,1.2750968553840427,2.304473239122375,0.038725008864871686,0.3623707584699263,0.6951701122809478
amygdala,0.3750000000000008,1.3159007722791816,2.1995490098730355,1.2711246251478545,2.319378160645113,0.044776147131327,0.3163713020501673,0.6646455925423682
amygdala,0.3850000000000008,1.3211301476712254,2.233937801138266,1.2664402845507121,2.3359597104969736,0.05468986312051305,0.29487572721167077,0.6410341895905887
amygdala,0.3950000000000008,1.3298957004454437,2.2673120995204243,1.2609459107948442,2.3510731004332723,0.06894978965059939,0.2363679323076886,0.5803537190398239
amygdala,0.4050000000000008,1.3421759609234178,2.299363535567478,1.2549049220852533,2.362084528994324,0.08727103883816469,0.2363679323076886,0.5803537190398239
amygdala,0.4150000000000008,1.3575915958043026,2.3296629317413484,1.248686984775434,2.3671546736944427,0.10890461102886861,0.19079127401428397,0.5611508059243646
amygdala,0.4250000000000008,1.3753003611349324,2.357514713638586,1.242685936005226,2.365448471394601,0.13261442512970611,0.16972956854297971,0.5394322672016989
amygdala,0.43500000000000083,1.3941689942992703,2.3821365424605325,1.2371913313940608,2.356766313080481,0.15697766290520965,0.17655130294770893,0.5394322672016989
amygdala,0.44500000000000084,1.4127140389436148,2.402752535797519,1.232298331124283,2.3416418648818706,0.1804157078193319,0.14440936759864195,0.5394322672016989
amygdala,0.45500000000000085,1.4294015661522028,2.4187724422647277,1.227923987603187,2.3207794260120282,0.20147757854901566,0.08560627067312217,0.5394322672016989
amygdala,0.46500000000000086,1.4426861816176257,2.4300257356727375,1.2238529813161168,2.2951130750165754,0.21883320030150918,0.07099064452396864,0.5394322672016989
amygdala,0.47500000000000087,1.451311959762422,2.4368453192791795,1.2200173845449271,2.2659354376516343,0.23129457521749508,0.022777727032079944,0.33496657400117563
amygdala,0.4850000000000009,1.4545085414094596,2.4401612769669394,1.2165559354882844,2.2348703936438956,0.23795260592117481,0.02019202400120337,0.33464987141759006
amygdala,0.4950000000000009,1.452136567228976,2.4414811499994142,1.214028757462103,2.204263358505691,0.23810780976687285,0.02563666106520369,0.3560647370167179
amygdala,0.5050000000000009,1.444735536708373,2.4426541201974037,1.2132142210184567,2.1767391867015693,0.23152131568991663,0.030519248933390315,0.38149061166737896
amygdala,0.5150000000000009,1.4335585430305893,2.44547269418519,1.2151682703158087,2.155037578446809,0.2183902727147805,0.07570473244625006,0.5394322672016989
amygdala,0.5250000000000009,1.4203059529969022,2.4514268806781616,1.220791809491981,2.1412586392221464,0.19951414350492155,0.17909151271096402,0.5394322672016989
amygdala,0.5350000000000009,1.4069640967784383,2.460963562006283,1.2306360427112712,2.136100477165563,0.17632805406716698,0.2644923795485723,0.6088372303530166
amygdala,0.5450000000000009,1.3952988704726856,2.4731758625554505,1.2447032481760978,2.138735203542795,0.15059562229658796,0.41234652788813886,0.6965312971083426
amygdala,0.5550000000000009,1.3866800397609544,2.485772537415062,1.2623759858141645,2.1468768722931593,0.12430405394679042,0.5237341899765697,0.7701973382008378
amygdala,0.565000000000001,1.3817986227163104,2.49558316251478,1.2823996660486439,2.157687780104973,0.0993989566676667,0.6652639406840284,0.8487428543173078
amygdala,0.575000000000001,1.3806058326530481,2.498961380084548,1.3032043648309275,2.1686981241858576,0.0774014678221209,0.8022117949916099,0.9029387731368645
amygdala,0.585000000000001,1.3824763887401552,2.4931244423873804,1.3232371310877014,2.1787916024396394,0.05923925765245387,0.7366069598886785,0.8686402828875925
amygdala,0.595000000000001,1.3863525040777682,2.476432110080562,1.34108981390325,2.187939778632939,0.045262690174518366,0.6480484578447592,0.8487428543173078
amygdala,0.605000000000001,1.391112393746827,2.4492150580803718,1.3559201768023472,2.1972537901914895,0.035192216944479805,0.8475855521355773,0.9173003810991096
amygdala,0.615000000000001,1.395776048765164,2.4135572158867022,1.3673743693842089,2.2076884966555674,0.02840167938095528,0.8475855521355773,0.9173003810991096
amygdala,0.625000000000001,1.3996891705617087,2.3729323228210997,1.3757897772496266,2.2200144105988424,0.023899393312082212,0.8288123742464508,0.9048170024524573
amygdala,0.635000000000001,1.402543642853069,2.331430462415587,1.3819348255022865,2.2341758052939356,0.02060881735078257,0.9234411544686316,0.982384206881523
amygdala,0.645000000000001,1.4042253895503158,2.29280443985812,1.386964592587496,2.249778706096521,0.017260796962820027,0.8288123742464508,0.9048170024524573
amygdala,0.655000000000001,1.4047380886138428,2.2597188353719853,1.3922578630698996,2.266665980679356,0.012480225543942694,0.7185667307022461,0.8595295821797202
amygdala,0.665000000000001,1.4039159908391177,2.2331038665404424,1.3992315825763844,2.285208128784525,0.004684408262732996,0.7316942357149899,0.8669362982405093
amygdala,0.675000000000001,1.4014396057660647,2.212392596660894,1.4092077538656906,2.306490077248603,-0.007768148099625588,0.7316942357149899,0.8669362982405093
amygdala,0.685000000000001,1.396742164656264,2.1957787715454127,1.4232515284565364,2.332273693692854,-0.026509363800271954,0.6938256916874675,0.8595295821797202
amygdala,0.6950000000000011,1.389162860554374,2.1809035586257584,1.4419922351307846,2.3644644857191306,-0.0528293745764105,0.6751674415281835,0.8523623170213044
amygdala,0.7050000000000011,1.378079570456606,2.1655347459572045,1.4655929786803337,2.404850815540518,-0.08751340822372768,0.6384532010547104,0.8445148162099343
amygdala,0.7150000000000011,1.3631452907514228,2.1479768539044075,1.4934958332870223,2.4544002196158017,-0.1303505425355997,0.5850270925103997,0.8357529893005711
amygdala,0.7250000000000011,1.3443068147223425,2.127221714035264,1.5245450437375296,2.5132178740270703,-0.18023822901518727,0.3672544095081207,0.6951701122809478
amygdala,0.7350000000000011,1.3220689391580371,2.10330057838142,1.5570541041954442,2.580171142499476,-0.23498516503740685,0.12438159526744769,0.5394322672016989
amygdala,0.7450000000000011,1.297438776930976,2.077050979472102,1.5890427931132896,2.6532171567874436,-0.2916040161823135,0.06092800913700313,0.5360364259497987
amygdala,0.7550000000000011,1.2717625558510548,2.049981313804903,1.618489169168227,2.729342364440116,-0.34672661331717275,0.057690365845567124,0.5360364259497987
amygdala,0.7650000000000011,1.2467240029285143,2.0244800729717487,1.6435488181235502,2.80493900824021,-0.39682481519503565,0.05460576776580572,0.5360364259497987
amygdala,0.7750000000000011,1.2240748174371914,2.003417579416256,1.662885758701655,2.8764020244793307,-0.43881094126446407,0.057699385734060415,0.5360364259497987
amygdala,0.7850000000000011,1.205495070870933,1.9899205115871768,1.675662080761958,2.940296786518295,-0.470167009891025,0.06432437111397585,0.5360364259497987
amygdala,0.7950000000000012,1.1923808367024675,1.9866801938881637,1.6815854560576369,2.993859385012418,-0.48920461935516935,0.06432437111397585,0.5360364259497987
amygdala,0.8050000000000012,1.1856603641462122,1.9951685209315269,1.6808621016847205,3.035415401362723,-0.49520173753850827,0.08804999262777848,0.5394322672016989
amygdala,0.8150000000000012,1.1857653386353324,2.0151010288365256,1.6740151960762188,3.0640247202151922,-0.4882498574408867,0.11837637171414281,0.5394322672016989
amygdala,0.8250000000000012,1.1926217589734502,2.044670916034831,1.6618362054990086,3.0797296192195054,-0.4692144465255587,0.17849611324735748,0.5394322672016989
amygdala,0.8350000000000012,1.2056669559544655,2.0810367276363544,1.6453096898837254,3.083235379320319,-0.43964273392926007,0.2188256265623868,0.5803537190398239
amygdala,0.8450000000000012,1.2238965008520168,2.1212565348321317,1.6254671215229572,3.0756886719019056,-0.4015706206709405,0.27438136433460003,0.6134945500462726
amygdala,0.8550000000000012,1.2460961386466889,2.1631176547903825,1.6034335314466888,3.058247023179344,-0.3573373927999998,0.39948426822080874,0.6951701122809478
amygdala,0.8650000000000012,1.2708878364609861,2.2051273674755407,1.5803372253584753,3.031986298200081,-0.30944938889748935,0.4523776866075748,0.7440422477098271
amygdala,0.8750000000000012,1.2968502041742123,2.246205410196924,1.557247245249974,2.9975432847617656,-0.2603970410757618,0.6324969098870021,0.8411009838154562
amygdala,0.8850000000000012,1.322532610967353,2.284662895456732,1.5349632572643688,2.955176371613602,-0.21243064629701597,0.7846556047751199,0.8957255762273058
amygdala,0.8950000000000012,1.3465838638913152,2.317836116219623,1.5141107251760064,2.905038033522581,-0.16752686128469108,0.9455354646923675,0.9833414525550881
amygdala,0.9050000000000012,1.3678145005558986,2.342040191385784,1.494979633483203,2.8473665645015607,-0.12716513292730458,0.927424500241308,0.9824412078827416
amygdala,0.9150000000000013,1.3852906391421036,2.352932047308674,1.477643821796317,2.7829879284269303,-0.09235318265421362,1.0,1.0
amygdala,0.9250000000000013,1.3982999189108611,2.346636577677806,1.4619127857894159,2.71341598826599,-0.06361286687855501,0.9636746235039864,0.9833414525550881
amygdala,0.9350000000000013,1.4065459602587058,2.320832209438029,1.447531717814092,2.6410064997280567,-0.04098575755538665,0.8733537674341689,0.9370748577619838
amygdala,0.9450000000000013,1.4100013945373508,2.2757107540054027,1.4341891402844649,2.5686888980863993,-0.024187745747113888,0.6818898536170435,0.8523623170213044
amygdala,0.9550000000000013,1.4089908372433628,2.2143908894712263,1.4215779859909279,2.499496684415044,-0.012587148747564857,0.6818898536170435,0.8523623170213044
amygdala,0.9650000000000013,1.4040198391932748,2.1425395710634274,1.4094055619265884,2.435990100021899,-0.005385722733313364,0.7547935522345166,0.8736036484195794
amygdala,0.9750000000000013,1.3957243238950845,2.0674773974005727,1.3973827293070304,2.3799055544307834,-0.0016584054119459998,0.8101364618244391,0.9029387731368645
amygdala,0.9850000000000013,1.384802162341446,1.996785498806562,1.3851620693683817,2.331718250956282,-0.0003599070269355853,0.7731171162909528,0.8866021975813679
amygdala,0.9950000000000013,1.371932178878642,1.936555285238153,1.3722902535204138,2.290546519109909,-0.0003580746417718994,0.8101364618244391,0.9029387731368645
amygdala,1.0050000000000012,1.3580023780630832,1.8908725523416998,1.358261251742074,2.254454733111507,-0.00025887367898982244,0.7185667307022461,0.8595295821797202
amygdala,1.0150000000000015,1.343925777516043,1.8613318951323825,1.3425968155298067,2.2209619010593395,0.0013289619862365543,0.7547935522345166,0.8736036484195794
amygdala,1.0250000000000012,1.3308415019583502,1.847898046132594,1.3249093012078248,2.1878320012613885,0.005932200750525259,0.7547935522345166,0.8736036484195794
amygdala,1.0350000000000015,1.3199879900732876,1.8500586933086858,1.3050416516068888,2.1536932745658888,0.014946338466398514,0.7547935522345166,0.8736036484195794
amygdala,1.0450000000000013,1.3126125458751212,1.8673796302204029,1.2832298622388079,2.118648007990873,0.029382683636313085,0.6654143977847693,0.8487428543173078
amygdala,1.0550000000000015,1.3097055557258428,1.899404458628448,1.260074481127599,2.084332029235433,0.04963107459824363,0.7185667307022461,0.8595295821797202
amygdala,1.0650000000000013,1.3118520995443044,1.9450894806723866,1.236650028903889,2.0536297308214,0.07520207064041498,0.613892513437776,0.8374881944302217
amygdala,1.0750000000000015,1.319028363485294,2.002222325879769,1.2143716057863116,2.030098680224121,0.1046567576989824,0.47106336173321883,0.7501008944796478
amygdala,1.0850000000000013,1.3305602083529755,2.0669471505707353,1.194785387850193,2.0171183436971987,0.13577482050278236,0.3740434083783506,0.6951701122809478
amygdala,1.0950000000000015,1.3452913669082318,2.134427776782728,1.1793928771899809,2.0172766749967836,0.16589848971825077,0.23910573224440745,0.5803537190398239
amygdala,1.1050000000000013,1.3617202819937926,2.199433908969382,1.1694594557306421,2.0319016941150876,0.19226082626315028,0.186376375861104,0.5546915948247143
amygdala,1.1150000000000015,1.3783553438906981,2.2576172113964765,1.1656562494387366,2.0604430041913244,0.2126990944519614,0.16348377229005917,0.5394322672016989
amygdala,1.1250000000000013,1.3939815450266966,2.3061877283833203,1.1681594218901505,2.1006178917856273,0.22582212313654604,0.11281874216705877,0.5394322672016989
amygdala,1.1350000000000016,1.4078061340411399,2.344465595770861,1.1764471939435062,2.1482952110595925,0.2313589400976339,0.11281874216705877,0.5394322672016989
amygdala,1.1450000000000014,1.4193480423010514,2.3735875471541417,1.1895489735182534,2.1983622368534457,0.22979906878279777,0.10746884001658798,0.5394322672016989
amygdala,1.1550000000000016,1.4283998499469752,2.3961648419828974,1.2060641386236794,2.245260755041748,0.22233571132329608,0.14277775326005962,0.5394322672016989
amygdala,1.1650000000000014,1.4348873379787999,2.415387778412878,1.2244499881580506,2.2840637584493453,0.2104373498207488,0.1301336816880685,0.5394322672016989
amygdala,1.1750000000000016,1.438510527451678,2.4335554821078493,1.2433154869957839,2.3114665199915603,0.19519504045589384,0.17849611324735748,0.5394322672016989
amygdala,1.1850000000000014,1.4387655538260538,2.451069469829535,1.261452145462363,2.3259219879222406,0.1773134083636906,0.23910573224440745,0.5803537190398239
amygdala,1.1950000000000016,1.4349217427507843,2.4660018280961506,1.2780904512809843,2.3281490779329594,0.15683129146980013,0.3365521878439186,0.6840491622843874
amygdala,1.2050000000000014,1.4262564396570618,2.4743001369841284,1.2928943869337874,2.320735143930145,0.13336205272327456,0.47106336173321883,0.7501008944796478
amygdala,1.2150000000000016,1.4122506086672708,2.471069202195848,1.3059594343398253,2.3076319062565833,0.10629117432744614,0.6654143977847693,0.8487428543173078
amygdala,1.2250000000000014,1.3929246616156312,2.452216899025255,1.3176405839350716,2.2934138385472322,0.0752840776805598,0.9616763959455763,0.9833414525550881
amygdala,1.2350000000000017,1.3689045643748434,2.4155423885891607,1.3285243096408996,2.2823856611040583,0.04038025473394441,0.6654143977847693,0.8487428543173078
amygdala,1.2450000000000014,1.3414559615591273,2.3617576345054934,1.3391482021409147,2.277698997844672,0.0023077594182127105,0.4848993334896976,0.7529492756051205
amygdala,1.2550000000000017,1.312324668723018,2.294369467581941,1.3500061322114532,2.280926523640924,-0.03768146348843477,0.32816230656627954,0.6780212945584289
amygdala,1.2650000000000015,1.2834045858384124,2.218958863911977,1.3613587489141472,2.291984564562871,-0.0779541630757348,0.20868126881333193,0.5803537190398239
amygdala,1.2750000000000017,1.2563749062692036,2.141861728997622,1.3732183205570365,2.309475118066527,-0.11684341428783276,0.247841548480343,0.5900989249531977
amygdala,1.2850000000000015,1.2324164154975352,2.06871905054156,1.3854589140253646,2.33156837511108,-0.15304249852782967,0.2180230945147802,0.5803537190398239
amygdala,1.2950000000000017,1.2121180069299462,2.0038842028199624,1.397902137660691,2.3564655139614175,-0.18578413073074526,0.12439677550010476,0.5394322672016989
amygdala,1.3050000000000015,1.1954013728208455,1.949649826978559,1.4103085891274896,2.3827227731240233,-0.21490721630664392,0.09619888911292636,0.5394322672016989
amygdala,1.3150000000000017,1.1817050976522538,1.9069471719861713,1.4225523534255293,2.4093461463417913,-0.24084725577327531,0.09619888911292636,0.5394322672016989
amygdala,1.3250000000000015,1.1702370036631011,1.8758955557285517,1.4345076039765274,2.435359041132363,-0.26427060031342664,0.09122604398406976,0.5394322672016989
amygdala,1.3350000000000017,1.1603384748871157,1.8565503758489477,1.4460163712228347,2.4595051244961104,-0.28567789633571894,0.07753697663151893,0.5394322672016989
amygdala,1.3450000000000015,1.1515922220872128,1.8488134234357327,1.456828055320511,2.4803009412194847,-0.30523583323329795,0.055168440064643574,0.5360364259497987
amygdala,1.3550000000000018,1.144043040684124,1.8522333824472648,1.4664830353939713,2.495818695732472,-0.3224399947098475,0.02989135425663507,0.38149061166737896
amygdala,1.3650000000000015,1.1380184404904765,1.8655099578517484,1.474368133427456,2.504062180252395,-0.3363496929369795,0.014249763341679867,0.28629955038643773
amygdala,1.3750000000000018,1.1341936946563003,1.886672644512045,1.4797221234819498,2.503264538722506,-0.3455284288256487,0.00795229380300989,0.22089705008360808
amygdala,1.3850000000000016,1.1334839113654376,1.9134246844624647,1.4819121888290356,2.4922770115866344,-0.34842827746359795,0.006848047504925521,0.21400148452892254
amygdala,1.3950000000000018,1.1367394658386498,1.9432634737630152,1.4804194202198124,2.470729256135972,-0.3436799543811626,0.006313259698840444,0.21400148452892254
amygdala,1.4050000000000016,1.144815262488346,1.9745465649891643,1.4750952051804402,2.4393237307183426,-0.33027994269209415,0.004926937111324903,0.21400148452892254
amygdala,1.4150000000000018,1.1583481714533057,2.006275514169319,1.4660926111326946,2.3997115464295526,-0.3077444396793889,0.010181304124490038,0.25453260311225095
amygdala,1.4250000000000016,1.1777504124815081,2.0383500703460733,1.4538342138316716,2.3542947742322853,-0.2760838013501634,0.016032774821640512,0.28629955038643773
amygdala,1.4350000000000018,1.2031020327364077,2.071487161699802,1.4388895335534504,2.305625318457411,-0.23578750081704292,0.021417591770725764,0.33464987141759006
amygdala,1.4450000000000016,1.234118285126058,2.10678214327525,1.4218798932932832,2.2562076448757895,-0.18776160816722515,0.06147960097290854,0.5360364259497987
amygdala,1.4550000000000018,1.2701519021231298,2.1455016218717327,1.4033560731755697,2.2080334961163306,-0.13320417105243915,0.1586446594134272,0.5394322672016989
amygdala,1.4650000000000016,1.3102947792973092,2.1887833388301043,1.3838227481856331,2.1626926434944225,-0.073527968888324,0.41183950024590854,0.6965312971083426
amygdala,1.4750000000000019,1.3534289236947965,2.2370677417086027,1.3637033307514619,2.12151625787434,-0.010274407056665172,0.94636892512424,0.9833414525550881
amygdala,1.4850000000000017,1.3984760084405896,2.2901701665019725,1.3434443692789066,2.0859873967684197,0.055031639161682674,0.47582523701374513,0.750377410499163
amygdala,1.4950000000000019,1.4443654940913815,2.3469357478136113,1.3236388184976053,2.0578173076512214,0.12072667559377648,0.17421027639617592,0.5394322672016989
amygdala,1.5050000000000017,1.4901858513144126,2.4055204972997006,1.304996541758196,2.03872715685363,0.18518930955621643,0.115474887760127,0.5394322672016989
amygdala,1.515000000000002,1.5351939691714334,2.4637119720421397,1.2883791933708009,2.0301033751032382,0.24681477580063305,0.037043378184191504,0.44099259743085123
amygdala,1.5250000000000017,1.578468726437058,2.518584589428248,1.2747477540657184,2.0327952019738076,0.30372097237134,0.014888682178607277,0.28629955038643773
amygdala,1.535000000000002,1.6189455423839685,2.567352556966424,1.2651026544181991,2.0471089937186924,0.353842887965769,0.006313259698840444,0.21400148452892254
amygdala,1.5450000000000017,1.6552129080333482,2.607265584648395,1.2603354939068647,2.072787814431652,0.3948774141264833,0.003215932097506617,0.21400148452892254
amygdala,1.555000000000002,1.6855358597027728,2.636103537992585,1.2611364563048566,2.1093439421165616,0.42439940339791604,0.003215932097506617,0.21400148452892254
amygdala,1.5650000000000017,1.7079112328597144,2.6521292475579545,1.267988613924184,2.156132608101037,0.43992261893553025,0.00350705977748676,0.21400148452892254
amygdala,1.575000000000002,1.7203807068457326,2.654175878845259,1.2808165421027742,2.211912282604801,0.4395641647429587,0.005816358945786271,0.21400148452892254
amygdala,1.5850000000000017,1.7214080839022632,2.641882663590731,1.2991128385847004,2.2749615005320107,0.4222952453175632,0.012814284489164543,0.28629955038643773
amygdala,1.595000000000002,1.7102925446278776,2.61570864602114,1.321869059028361,2.3427670838809327,0.3884234855995165,0.04220715353440861,0.47962674470918876
amygdala,1.6050000000000018,1.6873841942537662,2.5770408299419936,1.3476810167163908,2.4121491352267226,0.3397031775373752,0.1353498838175801,0.5394322672016989
amygdala,1.615000000000002,1.6542614284885573,2.528402826375102,1.3748908464074792,2.4794660100150283,0.27937058208107857,0.3818598292804778,0.6951701122809478
amygdala,1.6250000000000018,1.613734186787762,2.473652117654745,1.4018497413615456,2.5409910856305715,0.2118844454262162,0.657068579934484,0.8487428543173078
amygdala,1.635000000000002,1.5693681416925185,2.4175415689612025,1.4272180324848456,2.5934822037720866,0.142150109207673,0.9892660190652709,1.0
amygdala,1.6450000000000018,1.5251922763812458,2.365727317826062,1.4501338291426689,2.6346031251470508,0.07505844723857635,0.7897165079739374,0.8974051226976563
amygdala,1.655000000000002,1.4850560372355728,2.3239718788036368,1.470370540534714,2.663448687334327,0.014685496700858787,0.6308719173229826,0.8411009838154562
amygdala,1.6650000000000018,1.45208874243678,2.2976072302651134,1.4882383154900487,2.680813022362193,-0.03614957305326816,0.613892513437776,0.8374881944302217
amygdala,1.675000000000002,1.4282430862713895,2.2906247528326844,1.5045427319574494,2.689337894908791,-0.07629964568605946,0.6308719173229826,0.8411009838154562
amygdala,1.6850000000000018,1.414048531028966,2.3048731832912357,1.5202046122674002,2.692875594039253,-0.10615608123843409,0.5480897994315235,0.8013008763618764
amygdala,1.695000000000002,1.4086236642818315,2.339480924352215,1.5360135995940676,2.6957876484315033,-0.12738993531223614,0.5165484841465026,0.7701973382008378
amygdala,1.7050000000000018,1.4097618270255936,2.3905520569859404,1.5523001941815089,2.7018310429624277,-0.14253836715591545,0.36126885882009796,0.6951701122809478
amygdala,1.715000000000002,1.4144068931494105,2.4517488763277373,1.5686936165580878,2.7129285211926293,-0.15428672340867702,0.3870936972590958,0.6951701122809478
amygdala,1.7250000000000019,1.4191923794187977,2.5152205352205916,1.5841526551535938,2.7287671907843323,-0.16496027573479638,0.47106336173321883,0.7501008944796478
amygdala,1.735000000000002,1.4208588882292545,2.5725676503640393,1.5970622067428166,2.7469016487014786,-0.1762033185135616,0.47106336173321883,0.7501008944796478
amygdala,1.7450000000000019,1.4168289828552203,2.6161887964348294,1.6054366417856245,2.7633361348722993,-0.18860765893040374,0.229654258637482,0.5803537190398239
amygdala,1.7550000000000021,1.405512373460111,2.6399326267684686,1.6073422013325145,2.7735822902492706,-0.20182982787240317,0.17086648171401564,0.5394322672016989
amygdala,1.765000000000002,1.3865914987326904,2.640164707234879,1.6014080586310009,2.774201395866426,-0.2148165598983108,0.1363426134204674,0.5394322672016989
amygdala,1.7750000000000021,1.361043475267512,2.6160531417122628,1.5870286596245746,2.763266505445219,-0.22598518435706277,0.11837637171414281,0.5394322672016989
amygdala,1.785000000000002,1.330829048633897,2.56961844191506,1.5647100793815423,2.7408597714372855,-0.23388103074764546,0.12414646305025405,0.5394322672016989
amygdala,1.7950000000000021,1.298598547177208,2.5055264022238983,1.5359863620889151,2.708840589661233,-0.23738781491170724,0.12414646305025405,0.5394322672016989
amygdala,1.805000000000002,1.2673309632298617,2.4306706244617136,1.5033307339122688,2.670466572297087,-0.23599977068240727,0.12414646305025405,0.5394322672016989
amygdala,1.8150000000000022,1.2396616604217754,2.3528287783481563,1.4697271469379332,2.6294837079406674,-0.23006548651615807,0.1563441156998108,0.5394322672016989
amygdala,1.825000000000002,1.2175806137446212,2.2797655918489976,1.4382988225629982,2.5895428433647836,-0.22071820881837673,0.20290275767291222,0.5803537190398239
amygdala,1.8350000000000022,1.2021646525583007,2.217940505745099,1.4118625441725308,2.5536327327988486,-0.20969789161423028,0.229654258637482,0.5803537190398239
amygdala,1.845000000000002,1.1934550229011218,2.1714494222749092,1.3926618771951509,2.5239490117932397,-0.19920685429402887,0.17086648171401564,0.5394322672016989
amygdala,1.8550000000000022,1.190667118143118,2.1416333234082727,1.3820981597066675,2.5015920432903913,-0.19143104156354973,0.17849611324735748,0.5394322672016989
amygdala,1.865000000000002,1.1923348668890705,2.127118938241618,1.3807572048578445,2.486943756815679,-0.18842233796877378,0.11837637171414281,0.5394322672016989
amygdala,1.8750000000000022,1.1967375803061249,2.1246432985530874,1.3884141874646396,2.479675431152162,-0.19167660715851456,0.14944349418254976,0.5394322672016989
amygdala,1.885000000000002,1.2021365013037038,2.1301748879354494,1.4041717182293039,2.4792579152791245,-0.20203521692560017,0.17849611324735748,0.5394322672016989
amygdala,1.8950000000000022,1.2069971354696474,2.139811868544001,1.426606224069666,2.4850271249150033,-0.21960908860001882,0.16348377229005917,0.5394322672016989
amygdala,1.905000000000002,1.2101049829263812,2.150643446000165,1.4538927837061357,2.49660534175594,-0.24378780077975493,0.1301336816880685,0.5394322672016989
amygdala,1.9150000000000023,1.2104609955683345,2.160621738424801,1.4839943934871496,2.5141062368539506,-0.27353339791881504,0.1301336816880685,0.5394322672016989
amygdala,1.925000000000002,1.2072695936567612,2.1687061216597443,1.5148421868292257,2.538367204569924,-0.30757259317246416,0.1301336816880685,0.5394322672016989
amygdala,1.9350000000000023,1.1998894896208159,2.1744642242756522,1.5445288566207263,2.5708738501788635,-0.34463936699991105,0.12414646305025405,0.5394322672016989
amygdala,1.945000000000002,1.1876777965063499,2.1774043452848235,1.5714133523053073,2.6134926444988107,-0.38373555579895774,0.1363426134204674,0.5394322672016989
amygdala,1.9550000000000023,1.170174997768515,2.177134687319876,1.5943661577832098,2.6680245883178806,-0.42419116001469487,0.12414646305025405,0.5394322672016989
amygdala,1.965000000000002,1.1471678763253592,2.1732243997572755,1.6127586747257414,2.7354443657205696,-0.46559079840038237,0.11837637171414281,0.5394322672016989
amygdala,1.9750000000000023,1.1188336050787673,2.1655731649289702,1.6265004563923247,2.8154199640930226,-0.5076668513135573,0.14944349418254976,0.5394322672016989
amygdala,1.985000000000002,1.0858322522020372,2.154701919664253,1.6360154225132626,2.9060550097086213,-0.5501831703112255,0.22047164360629312,0.5803537190398239
amygdala,1.9950000000000023,1.0493278460030573,2.141737366963481,1.64196536558295,3.003801325260489,-0.5926375195798931,0.229654258637482,0.5803537190398239
hippocampus,-0.495,0.36944810346966295,0.9244232734243182,0.21321911342087366,0.5436705040853903,0.15622899004878937,0.8202800980995039,0.9505323695976341
hippocampus,-0.485,0.36453139464465745,0.8350367154701778,0.21870731390064763,0.49530881944552596,0.14582408074400982,0.7332713908212207,0.9343750972100053
hippocampus,-0.475,0.3595150878684974,0.7564850618388321,0.22343504409577675,0.45620155832230563,0.13608004377272068,0.6909447568979337,0.9337091309431536
hippocampus,-0.46499999999999997,0.3547754833002171,0.6927481998140308,0.22747592382586368,0.42813437242854546,0.12729955947435337,0.6092350686367863,0.9337091309431536
hippocampus,-0.45499999999999996,0.35071671274668914,0.6450414418955573,0.23110105605986808,0.4109459373373292,0.11961565668682111,0.4955208830566151,0.9214890935781138
hippocampus,-0.44499999999999995,0.34773342838943816,0.6115998372176912,0.2347153802783003,0.4028390699135855,0.11301804811113791,0.39424586721077726,0.9214890935781138
hippocampus,-0.43499999999999994,0.3461344754278207,0.5887436357780255,0.23878606783063722,0.40129023865883157,0.10734840759718352,0.3342768550264176,0.9214890935781138
hippocampus,-0.42499999999999993,0.3460847348719002,0.5726071348156426,0.24365336568363782,0.403985823888914,0.10243136918826239,0.3342768550264176,0.9214890935781138
hippocampus,-0.4149999999999999,0.3475629538876288,0.5605665754819152,0.24951268263515708,0.4093229136746372,0.09805027125247176,0.39424586721077726,0.9214890935781138
hippocampus,-0.4049999999999999,0.3503420429810772,0.5516437747285864,0.2563043985622618,0.41656542816439457,0.09403764441881537,0.36348794698151576,0.9214890935781138
hippocampus,-0.3949999999999999,0.3540150582003234,0.5461837023973852,0.26375514439117265,0.42581387695408157,0.09025991380915072,0.3066241230648338,0.9214890935781138
hippocampus,-0.3849999999999999,0.3580555037494977,0.5450026723012317,0.2713704336083487,0.43764728477357484,0.08668507014114901,0.4955208830566151,0.9214890935781138
hippocampus,-0.3749999999999999,0.36180567592407686,0.5484964148762578,0.2786183632568928,0.452863109431582,0.08318731266718413,0.42652824883677154,0.9214890935781138
hippocampus,-0.3649999999999999,0.36463745059608144,0.5560748884714928,0.28502753636669503,0.4718336065760094,0.07960991422938643,0.39424586721077726,0.9214890935781138
hippocampus,-0.35499999999999987,0.36598410389393154,0.5660798634645258,0.2902854528395063,0.4939650573647108,0.0756986510544253,0.42652824883677154,0.9214890935781138
hippocampus,-0.34499999999999986,0.36534968209285945,0.5760467354205187,0.29432540021740494,0.5175530244545474,0.07102428187545441,0.5321298884166212,0.9214890935781138
hippocampus,-0.33499999999999985,0.3624227704853133,0.5834215739725539,0.2973576352891889,0.540041087408076,0.06506513519612445,0.6909447568979337,0.9337091309431536
hippocampus,-0.32499999999999984,0.3570391293356306,0.5860650852202949,0.29982321507922205,0.5586901682543454,0.057215914256408554,0.6909447568979337,0.9337091309431536
hippocampus,-0.31499999999999984,0.3492574235325765,0.5827097153041008,0.30230418877881976,0.5711979570755563,0.04695323475375665,0.7764250047999479,0.9353091100034031
hippocampus,-0.3049999999999998,0.3393008586618349,0.5731110665453837,0.30540614238085956,0.5764242114626265,0.03389471628097539,0.7332713908212207,0.9343750972100053
hippocampus,-0.2949999999999998,0.3276267790129089,0.5579816778340394,0.3096329989032558,0.5746626127383341,0.017993780109653062,0.9587607499379828,0.983638260786214
hippocampus,-0.2849999999999998,0.3148678739981074,0.5387914733338247,0.31524474545595793,0.5677053905945117,-0.0003768714578505014,0.6791156892928161,0.9337091309431536
hippocampus,-0.2749999999999998,0.30180518561890096,0.5175031531354413,0.3221668775088477,0.5585089069396386,-0.02036169188994677,0.40804420568711997,0.9214890935781138
hippocampus,-0.2649999999999998,0.28934516268152777,0.4963753021956262,0.3299903433686589,0.5504654846619271,-0.04064518068713108,0.35197884167136195,0.9214890935781138
hippocampus,-0.2549999999999998,0.2784518982088714,0.47777420372130913,0.3379934932308952,0.5463533287134797,-0.059541595022023844,0.40804420568711997,0.9214890935781138
hippocampus,-0.24499999999999977,0.27002828013363744,0.46409257795356684,0.3452663801494146,0.5473352923010127,-0.0752381000157771,0.30105418162259867,0.9214890935781138
hippocampus,-0.23499999999999976,0.2648572191812652,0.45743591202202694,0.3508838096031143,0.5526050277038511,-0.08602659042184913,0.27753025059514513,0.9214890935781138
hippocampus,-0.22499999999999976,0.2635102345804126,0.4592912527721531,0.35405524272932837,0.5597912974134799,-0.09054500814891578,0.3793746688088797,0.9214890935781138
hippocampus,-0.21499999999999975,0.26628053688335684,0.47000019207947985,0.3542815349888773,0.5659939643291975,-0.08800099810552045,0.46911315243545415,0.9214890935781138
hippocampus,-0.20499999999999974,0.2731186778832199,0.48855722382495514,0.3514183296706585,0.568741549964232,-0.0782996517874386,0.5014474714870738,0.9214890935781138
hippocampus,-0.19499999999999973,0.283635159505624,0.512750920359925,0.3456960525794848,0.5666371378929045,-0.06206089307386089,0.6050949464540121,0.9337091309431536
hippocampus,-0.18499999999999972,0.29718780837612846,0.5397480251822929,0.3376698426381343,0.5595481221039396,-0.04048203426200588,0.8767217432348915,0.9593497170895056
hippocampus,-0.1749999999999997,0.3128133819215984,0.5664722287011945,0.3280585707637678,0.5483783440317755,-0.01524518884216947,1.0,1.0
hippocampus,-0.1649999999999997,0.3294321221445471,0.5900870833786918,0.31767229600581753,0.5347368086531036,0.011759826138729605,0.7945864126678862,0.9431128144415016
hippocampus,-0.1549999999999997,0.3458626146389302,0.6082783255470323,0.3072700036493243,0.520532441998983,0.03859261098960588,0.5227810104666994,0.9214890935781138
hippocampus,-0.14499999999999968,0.36099388923156445,0.6195044027882264,0.2974924931124021,0.5075898475311719,0.06350139611916228,0.33183160809268897,0.9214890935781138
hippocampus,-0.13499999999999968,0.3737928702514992,0.6230751378356989,0.2888122213539469,0.49740022891425545,0.08498064889755223,0.13297131332886625,0.9214890935781138
hippocampus,-0.12499999999999967,0.38346585813913797,0.6192256496736096,0.2815594990262116,0.49105884703484803,0.1019063591129262,0.11188520559009917,0.9214890935781138
hippocampus,-0.11499999999999966,0.3895669670568755,0.6090240775365429,0.2759331280364333,0.48922614101587647,0.11363383902044227,0.10746614473256638,0.9214890935781138
hippocampus,-0.10499999999999965,0.3919674909219988,0.5941834375567012,0.2719897672020831,0.49207682261654156,0.11997772371991582,0.10243990540645079,0.9214890935781138
hippocampus,-0.09499999999999964,0.390928952743917,0.5768597059487317,0.269701607368968,0.49935622327572066,0.12122734537494902,0.17006379637439206,0.9214890935781138
hippocampus,-0.08499999999999963,0.3870211091293971,0.559418449449257,0.2689178854349,0.5103626845446171,0.11810322369449708,0.12209548134133211,0.9214890935781138
hippocampus,-0.07499999999999962,0.38104706731535953,0.544165579874292,0.2694204234359396,0.524070426658389,0.11162664387941998,0.15695518862262653,0.9214890935781138
hippocampus,-0.06499999999999961,0.37384453466854056,0.5329274511588976,0.27092365715231653,0.5392346662814004,0.10292087751622406,0.13592202165385753,0.9214890935781138
hippocampus,-0.054999999999999605,0.36618247464159487,0.5265849192634523,0.2731063504471041,0.5544940952119356,0.09307612419449067,0.17011443450093056,0.9214890935781138
hippocampus,-0.044999999999999596,0.3586033626208433,0.524798368182121,0.27565559959933195,0.568525682311917,0.08294776302151131,0.21453736472050733,0.9214890935781138
hippocampus,-0.03499999999999959,0.35130998130835994,0.525768290284863,0.27829662610535055,0.5800331678488557,0.07301335520300942,0.24846555845586238,0.9214890935781138
hippocampus,-0.024999999999999578,0.34423540120104734,0.5270393647409113,0.2808190459267308,0.5879064869638765,0.06341635527431655,0.2772406362261135,0.9214890935781138
hippocampus,-0.01499999999999957,0.3370601009966792,0.5260321456613306,0.28312593113591067,0.591307999538063,0.0539341698607686,0.35466939531524566,0.9214890935781138
hippocampus,-0.00499999999999956,0.32939496270568136,0.520894224753873,0.2851097105428056,0.5896732329316192,0.044285252162875835,0.4209099170051037,0.9214890935781138
hippocampus,0.0050000000000004485,0.3209152014861354,0.5108869034670617,0.2867309687936994,0.5827980851978345,0.034184232692436006,0.5460878490645904,0.9214890935781138
hippocampus,0.015000000000000457,0.31151673527520535,0.4966418781918954,0.28794249128514215,0.570791288966647,0.0235742439900632,0.6008710115741303,0.9337091309431536
hippocampus,0.025000000000000466,0.3013498847488123,0.4798571327147222,0.2886981846359068,0.5540926024226283,0.012651700112905503,0.7172177958043885,0.9343750972100053
hippocampus,0.035000000000000475,0.29090094813196676,0.46300821318191415,0.28894138111878465,0.5334418797288779,0.0019595670131821834,1.0,1.0
hippocampus,0.045000000000000484,0.28085755225779524,0.448631935287134,0.28860738131636815,0.5099404076781471,-0.007749829058572862,0.6873736155096972,0.9337091309431536
hippocampus,0.05500000000000049,0.27200774808778694,0.4387764776977159,0.2876764688847801,0.4851890891422489,-0.015668720796993198,0.45527280991543384,0.9214890935781138
hippocampus,0.0650000000000005,0.26517331287458723,0.4348327045045003,0.28616123674542343,0.46119815277245196,-0.020987923870836266,0.26272224684071965,0.9214890935781138
hippocampus,0.07500000000000051,0.26097248775690496,0.4375025809120204,0.28405582318478073,0.4401277217852441,-0.02308333542787571,0.2789649507806645,0.9214890935781138
hippocampus,0.08500000000000052,0.2597954881470018,0.44706630221823646,0.2814045389882126,0.42389705914208076,-0.021609050841210738,0.3134630649347462,0.9214890935781138
hippocampus,0.09500000000000053,0.26166992621264923,0.4632395543475809,0.2782396152044651,0.41349408945058896,-0.016569688991815913,0.45527280991543384,0.9214890935781138
hippocampus,0.10500000000000054,0.2663209031408779,0.4848458792740982,0.27460574658936854,0.4086482841090467,-0.00828484344849064,0.5754862281364963,0.9334082600438274
hippocampus,0.11500000000000055,0.27313066703299876,0.509564250090267,0.27056196897606377,0.4078702194112318,0.002568698056935016,0.9307556694906441,0.9708008629473218
hippocampus,0.12500000000000056,0.28125853801859574,0.5341584615171046,0.26626983361857137,0.40912418648082005,0.014988704400024328,0.8212599673323558,0.9505323695976341
hippocampus,0.13500000000000056,0.28981462376917516,0.5551516673052662,0.262002489787884,0.4105425697948339,0.027812133981291103,0.7412506037181041,0.9343750972100053
hippocampus,0.14500000000000057,0.2979260031560022,0.5695718210329322,0.2581597483695104,0.4110006750004544,0.039766254786491886,0.6639467218840869,0.9337091309431536
hippocampus,0.15500000000000058,0.3049240310826685,0.5757252730932692,0.2552676273907951,0.4103678405574765,0.04965640369187345,0.47613551179087055,0.9214890935781138
hippocampus,0.1650000000000006,0.31043660384290234,0.5734743542109524,0.2538702036331699,0.4093633086368839,0.05656640020973236,0.43418687955840585,0.9214890935781138
hippocampus,0.1750000000000006,0.3144008593282476,0.5644851829516881,0.2544287609633621,0.40918064560326045,0.05997209836488542,0.37544507472938493,0.9214890935781138
hippocampus,0.1850000000000006,0.31706066529365334,0.5518547185121501,0.2572324879928409,0.4109587515852963,0.05982817730081246,0.27357535782267484,0.9214890935781138
hippocampus,0.19500000000000062,0.3188601666918805,0.5394621627220946,0.2623062731922551,0.4153349106227279,0.056553893499625536,0.16977498788033196,0.9214890935781138
hippocampus,0.20500000000000063,0.32033257426914036,0.5309827789252433,0.2693573084448963,0.42214913742301924,0.05097526582424397,0.18084118136338856,0.9214890935781138
hippocampus,0.21500000000000064,0.3219626361342616,0.5287851569202018,0.27786223901205714,0.43065700146357594,0.04410039712220451,0.2442695329700293,0.9214890935781138
hippocampus,0.22500000000000064,0.3240599319448184,0.5331683974542845,0.28715227560416745,0.4400511950435461,0.03690765634065097,0.33915541347158473,0.9214890935781138
hippocampus,0.23500000000000065,0.3267876409613659,0.5425862191583962,0.2965597605364268,0.45004432205809525,0.030227880424939145,0.5430157923729039,0.9214890935781138
hippocampus,0.24500000000000066,0.3299912313888869,0.5542167153280608,0.3055416934060796,0.4613000133079698,0.024449537982807284,0.6639467218840869,0.9337091309431536
hippocampus,0.25500000000000067,0.3333388019320805,0.5650774046899683,0.313777479426178,0.4754954805826718,0.01956132250590253,0.6893679346514224,0.9337091309431536
hippocampus,0.2650000000000007,0.3363029687655881,0.5726499903646453,0.321196075171284,0.4949019404330262,0.015106893594304087,0.681322326150025,0.9337091309431536
hippocampus,0.2750000000000007,0.33827457557143825,0.5751851261344822,0.32795052616206416,0.5215748058671941,0.010324049409374064,0.654158944417145,0.9337091309431536
hippocampus,0.2850000000000007,0.33859870562234906,0.5717508927936313,0.3343128377321681,0.5564151778885599,0.004285867890180869,0.5015913016269502,0.9214890935781138
hippocampus,0.2950000000000007,0.33664417193051965,0.5619636410229604,0.3405649803992494,0.5985714107116674,-0.003920808468729659,0.5754862281364963,0.9334082600438274
hippocampus,0.3050000000000007,0.3319593549675005,0.5459813147218802,0.3468836593208912,0.6454476361588405,-0.01492430435339069,0.5754862281364963,0.9334082600438274
hippocampus,0.3150000000000007,0.3242633691296507,0.5242877965320111,0.35322584382871197,0.6931963902230482,-0.02896247469906133,0.7368753708069717,0.9343750972100053
hippocampus,0.32500000000000073,0.31358040496595935,0.4977226110819717,0.3593389074215278,0.7374021125655847,-0.04575850245556848,0.6274460333215013,0.9337091309431536
hippocampus,0.33500000000000074,0.30023785639883666,0.467520765809152,0.3646965872208638,0.7738045449004914,-0.06445873082202709,0.7781771795228314,0.9353091100034031
hippocampus,0.34500000000000075,0.2849291309582376,0.43532994125038665,0.3686585922526719,0.7990479459629595,-0.08372946129443437,0.8721180313900541,0.9593497170895056
hippocampus,0.35500000000000076,0.2686148089665692,0.40321700860395376,0.37050148624603274,0.8109640364906283,-0.10188667727946363,0.9679000486136345,0.983638260786214
hippocampus,0.36500000000000077,0.25244310105503803,0.37349354363188186,0.36962096320445237,0.8090909816837711,-0.11717786214941435,0.9679000486136345,0.983638260786214
hippocampus,0.3750000000000008,0.23768059396622376,0.3486552204281899,0.365625510651545,0.7946230514303809,-0.12794491668532135,0.8405336616716674,0.9593497170895056
hippocampus,0.3850000000000008,0.22548499072687736,0.33090509616779334,0.3584707491149447,0.7702261621268028,-0.13298575838806742,0.7112498505312588,0.9343750972100053
hippocampus,0.3950000000000008,0.21681732165485823,0.32164537450931024,0.3485154846909899,0.7396046068954581,-0.13169816303613174,0.7475000777680043,0.9343750972100053
hippocampus,0.4050000000000008,0.21230396660703565,0.32111526122949496,0.33647240998026634,0.7067771974807328,-0.12416844337323057,0.7172177958043885,0.9343750972100053
hippocampus,0.4150000000000008,0.21219021842322858,0.32829491128467797,0.3233256733705261,0.6753963531384947,-0.11113545494729755,0.5460878490645904,0.9214890935781138
hippocampus,0.4250000000000008,0.2163275675249543,0.34139280891107365,0.3101864680184356,0.6480287480310732,-0.09385890049348128,0.6008710115741303,0.9337091309431536
hippocampus,0.43500000000000083,0.22422883747890657,0.3585697632134566,0.29813216925037894,0.6258270034277719,-0.07390333177147239,0.6008710115741303,0.9337091309431536
hippocampus,0.44500000000000084,0.2351478292255408,0.3783947955485159,0.2880074842394569,0.6085996158703126,-0.052859655013916144,0.8092039689931078,0.9470759309109485
hippocampus,0.45500000000000085,0.24815304731923016,0.39997541483402965,0.28037531541313004,0.5952138436520409,-0.03222226809389994,0.8788507586415779,0.9593497170895056
hippocampus,0.46500000000000086,0.26228162736246874,0.42271941491031606,0.27542772150189143,0.5843379805721215,-0.013146094139422746,0.9057940914405992,0.9593497170895056
hippocampus,0.47500000000000087,0.2765762222731062,0.44598179318092157,0.2730258286848202,0.5749612114442034,0.0035503935882859293,0.9057940914405992,0.9593497170895056
hippocampus,0.4850000000000009,0.2901932735410542,0.4688009087249349,0.27281579900192365,0.5667229589730486,0.017377474539130536,0.6874088693789095,0.9337091309431536
hippocampus,0.4950000000000009,0.3024299705282082,0.4897941180197298,0.27428712939889627,0.5598998203282619,0.02814284112931197,0.4631068149666542,0.9214890935781138
hippocampus,0.5050000000000009,0.31273722318396796,0.507402304480271,0.27687381040224995,0.5550503292705972,0.03586341278171799,0.5227810104666994,0.9214890935781138
hippocampus,0.5150000000000009,0.3207248941398803,0.5202946171929983,0.2801001782571571,0.5528793232571682,0.040624715882723206,0.5227810104666994,0.9214890935781138
hippocampus,0.5250000000000009,0.32616600778334226,0.5277207964278543,0.2835797393585739,0.5536833223580558,0.04258626842476828,0.4631068149666542,0.9214890935781138
hippocampus,0.5350000000000009,0.3289678851510818,0.529859841157013,0.2870790338398926,0.5573117230264372,0.04188885131118919,0.49960553493782556,0.9214890935781138
hippocampus,0.5450000000000009,0.3290791904457844,0.5279593857387435,0.2904692945166155,0.5631800261239813,0.038609895929168844,0.8446284810712963,0.9593497170895056
hippocampus,0.5550000000000009,0.3265306697666244,0.5242830251000784,0.29374914551171577,0.5706289286161258,0.032781524254908656,0.7771175732880233,0.9353091100034031
hippocampus,0.565000000000001,0.3214046283960936,0.5216514433895277,0.2969758468362231,0.579227902468456,0.02442878155987044,0.8106969968597719,0.9470759309109485
hippocampus,0.575000000000001,0.31382307634088236,0.5224448004174775,0.30024320337636645,0.5889651049320912,0.013579872964515972,0.5861803873075235,0.9334082600438274
hippocampus,0.585000000000001,0.30400044416817656,0.5276893185858951,0.3036173223955736,0.6000145241681981,0.00038312177260294185,0.7771175732880233,0.9353091100034031
hippocampus,0.595000000000001,0.292257011136765,0.5364523386561268,0.30713199734507685,0.612527970935009,-0.014874986208311876,0.982627294725416,0.9905517083925564
hippocampus,0.605000000000001,0.2790543091010573,0.5460994048080855,0.31075280953662304,0.6262626595007263,-0.0316985004355657,0.7439495148870137,0.9343750972100053
hippocampus,0.615000000000001,0.2649881523451937,0.553245365596888,0.3144429649862583,0.6405154927223639,-0.049454812641064605,0.5565794125211807,0.9214890935781138
hippocampus,0.625000000000001,0.2507032720716244,0.5548547673616999,0.31812009658304774,0.6542139394583424,-0.0674168245114234,0.34910194464272437,0.9214890935781138
hippocampus,0.635000000000001,0.236835479629009,0.5489190940824696,0.3216946584070849,0.6661128489435505,-0.08485917877807594,0.24846555845586238,0.9214890935781138
hippocampus,0.645000000000001,0.22391286449657422,0.5347595302187953,0.325153675921486,0.6752085549217915,-0.10124081142491165,0.18408369354964227,0.9214890935781138
hippocampus,0.655000000000001,0.21229064636238276,0.5129019827403846,0.32849954415804805,0.6807591143165511,-0.11620889779566523,0.13297131332886625,0.9214890935781138
hippocampus,0.665000000000001,0.2020999755447754,0.4846684099394863,0.33179123805861244,0.6824311038390825,-0.12969126251383706,0.13297131332886625,0.9214890935781138
hippocampus,0.675000000000001,0.19327261841779045,0.4517407887300173,0.33514633503040714,0.6803179938225224,-0.14187371661261663,0.09360337304408878,0.9214890935781138
hippocampus,0.685000000000001,0.18562932058789305,0.4158826097949623,0.3386849986952311,0.6747934128629671,-0.15305567810733814,0.11192770811902442,0.9214890935781138
hippocampus,0.6950000000000011,0.1789984656157458,0.3787255302823514,0.3425473436580562,0.6666184178709416,-0.1635488780423104,0.09360337304408878,0.9214890935781138
hippocampus,0.7050000000000011,0.1733449147278263,0.34175020631401587,0.3468881988129452,0.6570572336913644,-0.1735432840851189,0.11192770811902442,0.9214890935781138
hippocampus,0.7150000000000011,0.16882457794499486,0.3063630695825012,0.351842148287081,0.6478545868773403,-0.18301757034208616,0.13297131332886625,0.9214890935781138
hippocampus,0.7250000000000011,0.16582955571652924,0.2740512082176828,0.35754034759872144,0.6413051288096134,-0.1917107918821922,0.12209548134133211,0.9214890935781138
hippocampus,0.7350000000000011,0.16489116604293927,0.24667161908504773,0.3640881513318365,0.6400253112884742,-0.1991969852888973,0.13297131332886625,0.9214890935781138
hippocampus,0.7450000000000011,0.16656809692201754,0.22659957085753987,0.371565662174801,0.6464675764621262,-0.20499756525278348,0.13297131332886625,0.9214890935781138
hippocampus,0.7550000000000011,0.17128630057452524,0.2165520638879872,0.37994805172916923,0.6621227728787638,-0.20866175115464403,0.18408369354964227,0.9214890935781138
hippocampus,0.7650000000000011,0.17913272994251847,0.21834522206696233,0.3891718275351387,0.687017987606064,-0.21003909759262007,0.28597919066405675,0.9214890935781138
hippocampus,0.7750000000000011,0.18985139473168866,0.23152329842068378,0.39900653438724715,0.7194552183395964,-0.2091551396555585,0.3957522466577532,0.9214890935781138
hippocampus,0.7850000000000011,0.20273085269354923,0.2529988908809906,0.40913696879561773,0.7563438586700928,-0.20640611610206852,0.5565794125211807,0.9214890935781138
hippocampus,0.7950000000000012,0.2167824571418027,0.27851546068683275,0.41911288333960467,0.7938524841065576,-0.2023304261978019,0.5277266198659963,0.9214890935781138
hippocampus,0.8050000000000012,0.23086448147601807,0.3040893847871887,0.42839826433331013,0.8280882808588594,-0.19753378285729203,0.49965637964334186,0.9214890935781138
hippocampus,0.8150000000000012,0.24392446693953473,0.3271166538123438,0.43646699521274884,0.8559331245575816,-0.19254252827321416,0.5277266198659963,0.9214890935781138
hippocampus,0.8250000000000012,0.2551706614140602,0.3466720451740545,0.4427635928889528,0.8752068306519488,-0.18759293147489253,0.5277266198659963,0.9214890935781138
hippocampus,0.8350000000000012,0.2642669258839453,0.3637564495792521,0.4468650286124304,0.8851602448280166,-0.18259810272848517,0.5565794125211807,0.9214890935781138
hippocampus,0.8450000000000012,0.2713277010325536,0.3808955900487543,0.44849502542430475,0.8861897745625266,-0.17716732439175126,0.5277266198659963,0.9214890935781138
hippocampus,0.8550000000000012,0.27691251807791323,0.4013016751989231,0.4475847323369848,0.8795750781789881,-0.17067221425907156,0.47239920501692023,0.9214890935781138
hippocampus,0.8650000000000012,0.2818102889976689,0.42758204744445155,0.44428629804591885,0.867012821245133,-0.16247600904825002,0.49965637964334186,0.9214890935781138
hippocampus,0.8750000000000012,0.2869246425709491,0.4607265693530215,0.4389328724192647,0.8501645496296182,-0.15200822984831558,0.47239920501692023,0.9214890935781138
hippocampus,0.8850000000000012,0.2929982055690754,0.4997286422560142,0.43200808991806783,0.8304116815300067,-0.1390098843489924,0.39806292572561963,0.9214890935781138
hippocampus,0.8950000000000012,0.3005212416387128,0.5420860448752983,0.423996381466381,0.8087892420537988,-0.12347513982766814,0.3143893322216611,0.9214890935781138
hippocampus,0.9050000000000012,0.30960031968304375,0.5845884537421364,0.4153249724422659,0.7859903594093971,-0.10572465275922208,0.2598350470503199,0.9214890935781138
hippocampus,0.9150000000000013,0.3200024844346474,0.6241090384400569,0.4063241537044872,0.7624920890010471,-0.08632166926983979,0.18418074965866182,0.9214890935781138
hippocampus,0.9250000000000013,0.3311768064749464,0.6581018208190776,0.39712241987392716,0.7383917266056964,-0.06594561339898065,0.1474161990774467,0.9214890935781138
hippocampus,0.9350000000000013,0.3424152812535505,0.6847841669513064,0.3877283369129289,0.7134261824192213,-0.04531305565937863,0.13649771056887278,0.9214890935781138
hippocampus,0.9450000000000013,0.3530013817181196,0.7032732144811352,0.3780854004040994,0.6871881023885762,-0.025084018685979675,0.2667689558251569,0.9214890935781138
hippocampus,0.9550000000000013,0.3623381085443427,0.7135746780805049,0.36821276798438,0.6593396621068467,-0.005874659440037362,0.3957522466577532,0.9214890935781138
hippocampus,0.9650000000000013,0.37006655602884286,0.7163942881116455,0.3582110411211762,0.6299483864333709,0.011855514907666675,0.29542405582364173,0.9214890935781138
hippocampus,0.9750000000000013,0.3760828354700756,0.7131059886963885,0.348378684721039,0.599764854245849,0.02770415074903658,0.3759797524564171,0.9214890935781138
hippocampus,0.9850000000000013,0.3805437223403819,0.7054639098758702,0.339131514790267,0.5700956864950293,0.04141220755011493,0.5460878490645904,0.9214890935781138
hippocampus,0.9950000000000013,0.3837967378796793,0.6955014753052492,0.3309835062399799,0.5426151886874887,0.05281323163969933,0.8721180313900541,0.9593497170895056
hippocampus,1.0050000000000012,0.38624255301317684,0.6852139714761019,0.3243702267942581,0.5187321279224926,0.061872326218918736,0.8721180313900541,0.9593497170895056
hippocampus,1.0150000000000015,0.3882260317344309,0.6763528078622074,0.3196054839553309,0.49934501798556774,0.0686205477791001,0.6580087852326646,0.9337091309431536
hippocampus,1.0250000000000012,0.3899260413577416,0.6701460418635261,0.3167581062519369,0.48471096024015203,0.07316793510580485,0.44450890263539555,0.9214890935781138
hippocampus,1.0350000000000015,0.39130627100523635,0.6670430175981249,0.3156480322500932,0.4748646440044217,0.07565823875514319,0.3957522466577532,0.9214890935781138
hippocampus,1.0450000000000013,0.3920750378337623,0.6665952354315814,0.31589528836903097,0.46999172117103827,0.07617974946473127,0.3719737719646685,0.9214890935781138
hippocampus,1.0550000000000015,0.3917274049869534,0.6674977687663846,0.3169458916993578,0.47046470768099113,0.07478151328759558,0.34910194464272437,0.9214890935781138
hippocampus,1.0650000000000013,0.38966691191118263,0.6679299960363848,0.31824296774650335,0.47655229126801757,0.0714239441646792,0.4939012303138084,0.9214890935781138
hippocampus,1.0750000000000015,0.385217639624516,0.6658770317313634,0.31924704762333145,0.48771127582127394,0.0659705920011846,0.7781771795228314,0.9353091100034031
hippocampus,1.0850000000000013,0.3778408693389674,0.6596447908127089,0.319571725651521,0.5023110888698884,0.05826914368744645,0.7475000777680043,0.9343750972100053
hippocampus,1.0950000000000015,0.36714082157583633,0.6480517655692987,0.31899616792275,0.5177332896563929,0.04814465365308626,0.7475000777680043,0.9343750972100053
hippocampus,1.1050000000000013,0.3529535931829096,0.6305032260310204,0.31744077073696925,0.5310007153399839,0.03551282244594022,0.7172177958043885,0.9343750972100053
hippocampus,1.1150000000000015,0.33541106510905677,0.6071432880809702,0.3149305245435162,0.5394940042349248,0.020480540565540536,0.7172177958043885,0.9343750972100053
hippocampus,1.1250000000000013,0.3149174953692965,0.5785128521956066,0.3115713545028719,0.5415209160736105,0.0033461408664245728,0.8092039689931078,0.9470759309109485
hippocampus,1.1350000000000016,0.2922199223389067,0.5456539669214908,0.30746927769917337,0.5364898290057409,-0.015249355360266708,0.9039076325167246,0.9593497170895056
hippocampus,1.1450000000000014,0.2683180790983999,0.509768933216392,0.3027338361090805,0.5248898952692558,-0.03441575701068065,0.8721180313900541,0.9593497170895056
hippocampus,1.1550000000000016,0.2444952068903616,0.4722777991425486,0.29744058076056057,0.5079659417170386,-0.05294537387019893,0.7781771795228314,0.9353091100034031
hippocampus,1.1650000000000014,0.22222375148194415,0.43478292121641415,0.2916998218254996,0.48735915227112825,-0.06947607034355537,0.6873736155096972,0.9337091309431536
hippocampus,1.1750000000000016,0.20309755722748057,0.3992947213329536,0.28564782915615256,0.46466584408942974,-0.08255027192867198,0.5460878490645904,0.9214890935781138
hippocampus,1.1850000000000014,0.18865417339108947,0.3684162578160283,0.27954132489959177,0.4413966146727851,-0.09088715150850235,0.3759797524564171,0.9214890935781138
hippocampus,1.1950000000000016,0.18023063932309913,0.3456899541137085,0.27373559109353646,0.4190384535558344,-0.09350495177043736,0.24320097107575667,0.9214890935781138
hippocampus,1.2050000000000014,0.17879406794012512,0.33535830868154576,0.26866627995580794,0.399252632436316,-0.08987221201568278,0.17123878524909952,0.9214890935781138
hippocampus,1.2150000000000016,0.18477892533953771,0.3410981644282264,0.26483552979618064,0.383973307341859,-0.08005660445664285,0.17123878524909952,0.9214890935781138
hippocampus,1.2250000000000014,0.1979520166120822,0.3640231440410346,0.2627257941754652,0.37507887166162057,-0.06477377756338297,0.19783306556714142,0.9214890935781138
hippocampus,1.2350000000000017,0.21742471932916654,0.4018566324194413,0.2627686658350391,0.3738021521454989,-0.04534394650587252,0.22732992995598733,0.9214890935781138
hippocampus,1.2450000000000014,0.2416319428029897,0.4499249708353298,0.2652163948468194,0.3799046679776495,-0.023584452043829734,0.3143893322216611,0.9214890935781138
hippocampus,1.2550000000000017,0.26857505520816743,0.5027402526653534,0.27019443753496636,0.3917337683879344,-0.0016193823267988648,0.44450890263539555,0.9214890935781138
hippocampus,1.2650000000000015,0.2959096475426333,0.5549931691190938,0.27762411548394134,0.40669081271684454,0.01828553205869196,0.6291623521725525,0.9337091309431536
hippocampus,1.2750000000000017,0.32134882481024957,0.6020016839964987,0.28727615815979346,0.42224905207699354,0.03407266665045616,0.9679000486136345,0.983638260786214
hippocampus,1.2850000000000015,0.3427299544528352,0.6397959252116386,0.2987661025202514,0.43661301880696074,0.043963851932583814,0.9358520318812181,0.9708008629473218
hippocampus,1.2950000000000017,0.35838708101524525,0.6653691263159561,0.31152892845808444,0.4490572971251856,0.04685815255716081,0.9358520318812181,0.9708008629473218
hippocampus,1.3050000000000015,0.3671960274663532,0.6768066359371806,0.32493476861317067,0.45987982427817675,0.04226125885318249,0.9039076325167246,0.9593497170895056
hippocampus,1.3150000000000017,0.3687048706301625,0.6734242416696364,0.33822317828534787,0.4699569188250938,0.030481692344814702,0.8721180313900541,0.9593497170895056
hippocampus,1.3250000000000015,0.3631370357140849,0.655844154452006,0.35055473939139464,0.4802652174250811,0.012582296322690235,0.6291623521725525,0.9337091309431536
hippocampus,1.3350000000000017,0.3512836160769799,0.6257978186806181,0.36107958784049227,0.4914420700936265,-0.00979597176351241,0.4688451964332785,0.9214890935781138
hippocampus,1.3450000000000015,0.33441728781178376,0.5859822772029916,0.3690226838677359,0.5035542049454979,-0.03460539605595206,0.4209099170051037,0.9214890935781138
hippocampus,1.3550000000000018,0.3141687628162711,0.5398346094599151,0.37372147050216575,0.5159787566072177,-0.059552707685894525,0.35466939531524566,0.9214890935781138
hippocampus,1.3650000000000015,0.29236482740905095,0.4910612162642933,0.3747678473105579,0.5277004608829357,-0.08240301990150703,0.35466939531524566,0.9214890935781138
hippocampus,1.3750000000000018,0.2708674137442697,0.4433934371169321,0.37203875675880926,0.5374685567414167,-0.10117134301453956,0.23105922995345296,0.9214890935781138
hippocampus,1.3850000000000016,0.2514420782443605,0.4003124474010609,0.36578315388458527,0.5441734180253583,-0.11434107564022475,0.17011443450093056,0.9214890935781138
hippocampus,1.3950000000000018,0.23563541505179236,0.36511680950362635,0.3566082283690355,0.5470435256359323,-0.1209728133172431,0.11192770811902442,0.9214890935781138
hippocampus,1.4050000000000016,0.2246220951137534,0.3408365016215564,0.34539049729641125,0.5458569644255468,-0.12076840218265786,0.08538899791882958,0.9214890935781138
hippocampus,1.4150000000000018,0.21917263615627214,0.330349823438816,0.33322721679334916,0.5411573674440492,-0.11405458063707709,0.11277865463569871,0.9214890935781138
hippocampus,1.4250000000000016,0.21955338886386916,0.3359271910190281,0.3212416514881955,0.5341331641064896,-0.10168826262432618,0.1024343649928973,0.9214890935781138
hippocampus,1.4350000000000018,0.2255074180855007,0.3584560648514984,0.310465686906859,0.5264099221754883,-0.08495826882135829,0.14879179284657834,0.9214890935781138
hippocampus,1.4450000000000016,0.23631071237586773,0.39687220841352083,0.30171516858952696,0.5195796678331274,-0.0654044562136591,0.3559586988465746,0.9214890935781138
hippocampus,1.4550000000000018,0.25080944361711643,0.44825327665631454,0.2954303025198711,0.5145562394633129,-0.04462085890275475,0.7225627705707576,0.9343750972100053
hippocampus,1.4650000000000016,0.26760962450131365,0.5084947416606287,0.2917314305408676,0.5114059769188571,-0.024121806039554026,0.9057940914405992,0.9593497170895056
hippocampus,1.4750000000000019,0.2851299061654915,0.5727651551443202,0.2903844542570923,0.5093853556980682,-0.0052545480916007786,0.831310207979425,0.9577306543541764
hippocampus,1.4850000000000017,0.3019072045237146,0.6361443704691887,0.2909734491735566,0.5076193408081151,0.010933755350158012,0.5227810104666994,0.9214890935781138
hippocampus,1.4950000000000019,0.3166041924261267,0.6937807117599998,0.2929294709452098,0.5055091387654956,0.023674721480916823,0.43475617175843206,0.9214890935781138
hippocampus,1.5050000000000017,0.3282389154051485,0.7414345117641447,0.29578384682047937,0.5031884459554217,0.03245506858466915,0.5227810104666994,0.9214890935781138
hippocampus,1.515000000000002,0.33622667575618537,0.7757433647837587,0.29923500089966404,0.5014050472071095,0.036991674856521314,0.6529181068049057,0.9337091309431536
hippocampus,1.5250000000000017,0.34041374408782965,0.7944932326024463,0.30321021330428555,0.5011128045839687,0.03720353078354404,0.9057940914405992,0.9593497170895056
hippocampus,1.535000000000002,0.3410573575818512,0.796860364533552,0.30786820130715514,0.503070985634264,0.033189156274696055,0.9057940914405992,0.9593497170895056
hippocampus,1.5450000000000017,0.338753958074726,0.7834067123850148,0.31351913677285204,0.5076561021733331,0.02523482130187402,0.7945864126678862,0.9431128144415016
hippocampus,1.555000000000002,0.3343159951191117,0.7560549636679093,0.3205116723569118,0.5149133337554026,0.01380432276219996,0.7959872153886274,0.9431128144415016
hippocampus,1.5650000000000017,0.32863290885981244,0.7179690044571476,0.3291305683472142,0.5248952494812418,-0.0004976594874017727,0.6416601266046645,0.9337091309431536
hippocampus,1.575000000000002,0.32254756512410354,0.6732897093562438,0.3394224948747855,0.5377819461110465,-0.016874929750681885,0.6791156892928161,0.9337091309431536
hippocampus,1.5850000000000017,0.31672877303165237,0.626780651169355,0.35112718811475824,0.5536994042479357,-0.0343984150831059,0.6791156892928161,0.9337091309431536
hippocampus,1.595000000000002,0.31157421004548086,0.5832631917102613,0.3636646393357529,0.5723739270554047,-0.052090429290272015,0.6050949464540121,0.9337091309431536
hippocampus,1.6050000000000018,0.30721302126211747,0.5466711483020841,0.376182714397877,0.5927796281179821,-0.06896969313575957,0.7583123742610346,0.9353091100034031
hippocampus,1.615000000000002,0.30353101420026185,0.5192990016284997,0.3876546692017428,0.6130027904732709,-0.0841236550014809,0.3957522466577532,0.9214890935781138
hippocampus,1.6250000000000018,0.30026857082265,0.501217022057849,0.3970083942175639,0.6306162347024857,-0.09673982339491391,0.3061029943646809,0.9214890935781138
hippocampus,1.635000000000002,0.29710966533531435,0.49066367545571227,0.40331392507897035,0.6432039833246957,-0.10620425974365597,0.2667689558251569,0.9214890935781138
hippocampus,1.6450000000000018,0.2937826968026961,0.4850496460428769,0.4059409095782626,0.6489758302388953,-0.11215821277556658,0.24846555845586238,0.9214890935781138
hippocampus,1.655000000000002,0.29018906941818456,0.4823864653544983,0.4046808004036612,0.6472130704282414,-0.11449173098547664,0.2667689558251569,0.9214890935781138
hippocampus,1.6650000000000018,0.2863700413888969,0.481898025237862,0.3997960131212517,0.6383493824050325,-0.11342597173235472,0.24846555845586238,0.9214890935781138
hippocampus,1.675000000000002,0.2825210763457405,0.48401743632833366,0.3920410634384233,0.6239715660157398,-0.10951998709268274,0.2667689558251569,0.9214890935781138
hippocampus,1.6850000000000018,0.27886781870490507,0.4896833811694095,0.382499550355709,0.6063879852345649,-0.10363173165080396,0.20967491728457333,0.9214890935781138
hippocampus,1.695000000000002,0.2757039129877975,0.49953918022628396,0.3724936859288756,0.5881987738704357,-0.09678977294107816,0.12392922503869735,0.9214890935781138
hippocampus,1.7050000000000018,0.2731913511912798,0.5131555626260357,0.3633480538223661,0.571825786270942,-0.09015670263108642,0.14458247203258678,0.9214890935781138
hippocampus,1.715000000000002,0.2714247352452016,0.5290236756928725,0.35613992136334327,0.5589148318470107,-0.0847151861181417,0.19888473153236397,0.9214890935781138
hippocampus,1.7250000000000019,0.2704315522161215,0.545033932092721,0.3515982031510001,0.5501217724549083,-0.08116665093487858,0.13297131332886625,0.9214890935781138
hippocampus,1.735000000000002,0.270184350997012,0.5590596752697283,0.3499581222229983,0.5450735629350743,-0.07977377122598642,0.18408369354964227,0.9214890935781138
hippocampus,1.7450000000000019,0.27074159803612696,0.5696943713413043,0.350973247295616,0.5425182680206257,-0.08023164925948909,0.19783306556714142,0.9214890935781138
hippocampus,1.7550000000000021,0.27219523078471025,0.5764586338755017,0.3539885710141226,0.5407968176466652,-0.08179334022941236,0.18418074965866182,0.9214890935781138
hippocampus,1.765000000000002,0.2747085767822778,0.5796449678611696,0.3581048255054151,0.5383204711125404,-0.0833962487231372,0.18418074965866182,0.9214890935781138
hippocampus,1.7750000000000021,0.27849463361725224,0.5803268354225667,0.36237006441256225,0.5340205464385851,-0.08387543079531003,0.1589900610113243,0.9214890935781138
hippocampus,1.785000000000002,0.2836551769463764,0.5798426754945103,0.3659610690128344,0.5276500829421196,-0.0823058920664581,0.1589900610113243,0.9214890935781138
hippocampus,1.7950000000000021,0.2901600020712852,0.5796462877409099,0.36824118040368575,0.5195812571772462,-0.07808117833240058,0.18418074965866182,0.9214890935781138
hippocampus,1.805000000000002,0.29771307855868717,0.5808526988266987,0.3688976798022285,0.5106082064200987,-0.07118460124354123,0.18418074965866182,0.9214890935781138
hippocampus,1.8150000000000022,0.30577023456210084,0.5841352578446695,0.3678597557930942,0.5014186934665164,-0.06208952123099339,0.24320097107575667,0.9214890935781138
hippocampus,1.825000000000002,0.31352479996002885,0.5893536208002004,0.36523178408531287,0.4922033180052715,-0.05170698412528405,0.33413808059574546,0.9214890935781138
hippocampus,1.8350000000000022,0.3200587683936325,0.5955975572081412,0.3611987510013202,0.4825704323080316,-0.04113998260768781,0.4688451964332785,0.9214890935781138
hippocampus,1.845000000000002,0.3244814278755195,0.6012769032049013,0.3559122179895736,0.47174987293839943,-0.03143079011405413,0.5277266198659963,0.9214890935781138
hippocampus,1.8550000000000022,0.326080661199831,0.6045221813697149,0.34943865396257934,0.4589717921747118,-0.02335799276274836,0.5277266198659963,0.9214890935781138
hippocampus,1.865000000000002,0.32450417415851446,0.6036974311674427,0.3417544837014319,0.4438000783530185,-0.017250309542917446,0.5565794125211807,0.9214890935781138
hippocampus,1.8750000000000022,0.31979379150743475,0.5977812010720306,0.3327050066894371,0.4261587438230224,-0.012911215182002396,0.6164914109936318,0.9337091309431536
hippocampus,1.885000000000002,0.3124470212754397,0.5867720750491539,0.32212516162997923,0.4063713072453911,-0.009678140354539585,0.6164914109936318,0.9337091309431536
hippocampus,1.8950000000000022,0.303249118081895,0.5716033702838419,0.30985016055671805,0.38491443550733356,-0.006601042474823024,0.5861803873075235,0.9334082600438274
hippocampus,1.905000000000002,0.2931789782985005,0.5540699102921854,0.2958159392117867,0.3623621313813016,-0.0026369609132863405,0.5861803873075235,0.9334082600438274
hippocampus,1.9150000000000023,0.28317820983699565,0.5364658087783066,0.2800339698388848,0.3393217734637493,0.0031442399981108306,0.7439495148870137,0.9343750972100053
hippocampus,1.925000000000002,0.2740016189417306,0.5212121841294012,0.26264087140977316,0.31648101349847035,0.011360747531957534,0.7771175732880233,0.9353091100034031
hippocampus,1.9350000000000023,0.26608202665677716,0.5106362349107981,0.24387044298491076,0.29457882622240633,0.02221158367186637,0.8788507586415779,0.9593497170895056
hippocampus,1.945000000000002,0.2595225002754198,0.5069956733838062,0.22400302613852102,0.27420759543300793,0.03551947413689877,0.982627294725416,0.9905517083925564
hippocampus,1.9550000000000023,0.25410280178334393,0.5125712804335442,0.20335690664358844,0.2555509500076721,0.050745895139755415,0.9133009306692093,0.9593497170895056
hippocampus,1.965000000000002,0.24943978371360248,0.5295652789946371,0.18224030816829087,0.2381885599188501,0.06719947554531164,0.9479148130096964,0.9792508398860499
hippocampus,1.9750000000000023,0.24507762099062003,0.5595054423785089,0.16097183070518487,0.22119353756424687,0.08410579028543518,0.8788507586415779,0.9593497170895056
hippocampus,1.985000000000002,0.24063141825564638,0.6024110798717093,0.13989254907373358,0.20346476356765333,0.10073886918191277,0.9133009306692093,0.9593497170895056
hippocampus,1.9950000000000023,0.23587703590658574,0.6563561703601596,0.11936636809863088,0.1841849566826962,0.1165106678079549,0.9133009306692093,0.9593497170895056
